assembly_accession,AAA,AAC,AAG,AAT,ACA,ACC,ACG,ACT,AGA,AGC,AGG,AGT,ATA,ATC,ATG,ATT,CAA,CAC,CAG,CAT,CCA,CCC,CCG,CCT,CGA,CGC,CGG,CGT,CTA,CTC,CTG,CTT,GAA,GAC,GAG,GAT,GCA,GCC,GCG,GCT,GGA,GGC,GGG,GGT,GTA,GTC,GTG,GTT,TAA,TAC,TAG,TAT,TCA,TCC,TCG,TCT,TGA,TGC,TGG,TGT,TTA,TTC,TTG,TTT
GCA_000010525.1,0.004115,0.007124,0.011835,0.004847,0.007094,0.015712,0.016362,0.003881,0.010272,0.019491,0.017991,0.003881,0.003736,0.016271,0.015946,0.004847,0.008569,0.016993,0.018130,0.015946,0.019954,0.020203,0.039461,0.017991,0.024917,0.046972,0.039461,0.016362,0.003099,0.018570,0.018130,0.011835,0.013885,0.016128,0.018570,0.016271,0.020576,0.044043,0.046972,0.019491,0.017651,0.044043,0.020203,0.015712,0.002804,0.016128,0.016993,0.007124,0.001352,0.002804,0.003099,0.003736,0.012014,0.017651,0.024917,0.010272,0.012014,0.020576,0.019954,0.007094,0.001352,0.013885,0.008569,0.004115
GCA_000218545.1,0.000252,0.005763,0.004077,0.000274,0.005262,0.022188,0.030573,0.003879,0.004911,0.019988,0.014269,0.003879,0.000238,0.008992,0.006116,0.000274,0.003678,0.022837,0.017291,0.006116,0.015651,0.023579,0.047216,0.014269,0.035758,0.061834,0.047216,0.030573,0.001782,0.019898,0.017291,0.004077,0.006289,0.028636,0.019898,0.008992,0.020709,0.040101,0.061834,0.019988,0.014847,0.040101,0.023579,0.022188,0.004665,0.028636,0.022837,0.005763,0.000147,0.004665,0.001782,0.000238,0.008300,0.014847,0.035758,0.004911,0.008300,0.020709,0.015651,0.005262,0.000147,0.006289,0.003678,0.000252
GCA_000020965.1,0.048815,0.013374,0.028937,0.032000,0.011956,0.009895,0.002538,0.014662,0.027912,0.010500,0.017016,0.014662,0.033816,0.018171,0.015041,0.032000,0.018809,0.005957,0.009703,0.015041,0.012546,0.007906,0.002113,0.017016,0.003200,0.001672,0.002113,0.002538,0.015718,0.015733,0.009703,0.028937,0.023655,0.005297,0.015733,0.018171,0.009474,0.005571,0.001672,0.010500,0.016209,0.005571,0.007906,0.009895,0.014423,0.005297,0.005957,0.013374,0.031846,0.014423,0.015718,0.033816,0.015535,0.016209,0.003200,0.027912,0.015535,0.009474,0.012546,0.011956,0.031846,0.023655,0.018809,0.048815
GCA_000012885.1,0.021573,0.015209,0.014557,0.012728,0.011622,0.017907,0.013091,0.007819,0.011598,0.015412,0.015800,0.007819,0.010628,0.019297,0.016639,0.012728,0.016824,0.012015,0.019723,0.016639,0.018479,0.017033,0.026521,0.015800,0.020690,0.021602,0.026521,0.013091,0.004394,0.011955,0.019723,0.014557,0.017810,0.014502,0.011955,0.019297,0.020497,0.026221,0.021602,0.015412,0.016671,0.026221,0.017033,0.017907,0.008713,0.014502,0.012015,0.015209,0.007861,0.008713,0.004394,0.010628,0.014604,0.016671,0.020690,0.011598,0.014604,0.020497,0.018479,0.011622,0.007861,0.017810,0.016824,0.021573
GCA_001735525.1,0.025601,0.018183,0.018755,0.020473,0.014695,0.015270,0.010687,0.014937,0.013837,0.019272,0.011758,0.014937,0.017485,0.018876,0.018074,0.020473,0.022517,0.014503,0.016179,0.018074,0.017784,0.008915,0.009289,0.011758,0.013112,0.014773,0.009289,0.010687,0.013247,0.011624,0.016179,0.018755,0.013529,0.010801,0.011624,0.018876,0.018597,0.015880,0.014773,0.019272,0.007681,0.015880,0.008915,0.015270,0.012102,0.010801,0.014503,0.018183,0.021364,0.012102,0.013247,0.017485,0.020200,0.007681,0.013112,0.013837,0.020200,0.018597,0.017784,0.014695,0.021364,0.013529,0.022517,0.025601
GCA_000016585.1,0.028812,0.017727,0.018662,0.023651,0.014264,0.013935,0.010537,0.014848,0.012201,0.017202,0.011826,0.014848,0.018801,0.019031,0.017745,0.023651,0.022347,0.014102,0.014859,0.017745,0.017038,0.009497,0.010212,0.011826,0.013180,0.014626,0.010212,0.010537,0.012123,0.010434,0.014859,0.018662,0.014892,0.009545,0.010434,0.019031,0.018445,0.015926,0.014626,0.017202,0.009215,0.015926,0.009497,0.013935,0.012211,0.009545,0.014102,0.017727,0.022801,0.012211,0.012123,0.018801,0.019306,0.009215,0.013180,0.012201,0.019306,0.018445,0.017038,0.014264,0.022801,0.014892,0.022347,0.028812
GCA_002222655.1,0.011145,0.013564,0.012931,0.006249,0.011161,0.018377,0.017419,0.006984,0.006632,0.021495,0.012852,0.006984,0.001980,0.014414,0.014158,0.006249,0.017770,0.022565,0.021469,0.014158,0.026185,0.021941,0.029018,0.012852,0.019240,0.037803,0.029018,0.017419,0.002462,0.011102,0.021469,0.012931,0.012959,0.013099,0.011102,0.014414,0.024425,0.038169,0.037803,0.021495,0.011509,0.038169,0.021941,0.018377,0.004713,0.013099,0.022565,0.013564,0.002016,0.004713,0.002462,0.001980,0.014193,0.011509,0.019240,0.006632,0.014193,0.024425,0.026185,0.011161,0.002016,0.012959,0.017770,0.011145
GCA_000163775.2,0.043976,0.019055,0.013673,0.036437,0.017586,0.013446,0.013103,0.008682,0.008884,0.012598,0.007737,0.008682,0.016964,0.016293,0.019013,0.036437,0.030339,0.014811,0.013192,0.019013,0.019500,0.007093,0.008684,0.007737,0.010110,0.017267,0.008684,0.013103,0.006803,0.004233,0.013192,0.013673,0.018830,0.007679,0.004233,0.016293,0.020086,0.014617,0.017267,0.012598,0.007857,0.014617,0.007093,0.013446,0.011271,0.007679,0.014811,0.019055,0.019996,0.011271,0.006803,0.016964,0.020185,0.007857,0.010110,0.008884,0.020185,0.020086,0.019500,0.017586,0.019996,0.018830,0.030339,0.043976
GCA_002928395.1,0.007948,0.011871,0.012474,0.006800,0.009249,0.015629,0.019774,0.006936,0.010183,0.018976,0.013312,0.006936,0.004051,0.018998,0.013901,0.006800,0.013839,0.015139,0.016961,0.013901,0.017287,0.015030,0.034037,0.013312,0.033197,0.040236,0.034037,0.019774,0.003714,0.016257,0.016961,0.012474,0.015413,0.019632,0.016257,0.018998,0.019978,0.035416,0.040236,0.018976,0.013593,0.035416,0.015030,0.015629,0.004945,0.019632,0.015139,0.011871,0.001894,0.004945,0.003714,0.004051,0.013329,0.013593,0.033197,0.010183,0.013329,0.019978,0.017287,0.009249,0.001894,0.015413,0.013839,0.007948
GCA_003250435.1,0.009007,0.010165,0.014141,0.008216,0.010620,0.014498,0.015284,0.005931,0.011412,0.018480,0.017521,0.005931,0.005735,0.018343,0.017360,0.008216,0.011566,0.013951,0.022644,0.017360,0.018544,0.016645,0.032382,0.017521,0.022830,0.034689,0.032382,0.015284,0.003604,0.012957,0.022644,0.014141,0.018424,0.017478,0.012957,0.018343,0.021135,0.036213,0.034689,0.018480,0.017737,0.036213,0.016645,0.014498,0.004740,0.017478,0.013951,0.010165,0.002528,0.004740,0.003604,0.005735,0.015220,0.017737,0.022830,0.011412,0.015220,0.021135,0.018544,0.010620,0.002528,0.018424,0.011566,0.009007
