protein_id,distance
BAF85999.1,0.078033
BAF86000.1,0.078054
BAF86001.1,0.067032
BAF86002.1,0.090523
BAF86003.1,0.067324
BAF86004.1,0.113698
BAF86005.1,0.075703
BAF86006.1,0.057543
BAF86007.1,0.046454
BAF86008.1,0.116524
BAF86009.1,0.101031
BAF86010.1,0.063667
BAF86011.1,0.099675
BAF86012.1,0.067052
BAF86013.1,0.072336
BAF86014.1,0.080520
BAF86015.1,0.095101
BAF86016.1,0.077555
BAF86017.1,0.076146
BAF86018.1,0.091199
BAF86019.1,0.147965
BAF86020.1,0.096776
BAF86021.1,0.087574
BAF86022.1,0.079870
BAF86023.1,0.066736
BAF86024.1,0.099641
BAF86025.1,0.056273
BAF86026.1,0.099672
BAF86027.1,0.056596
BAF86028.1,0.086190
BAF86029.1,0.041341
BAF86030.1,0.098612
BAF86031.1,0.119158
BAF86032.1,0.063335
BAF86033.1,0.084268
BAF86034.1,0.071969
BAF86035.1,0.049019
BAF86036.1,0.083586
BAF86037.1,0.073401
BAF86038.1,0.106251
BAF86039.1,0.063494
BAF86040.1,0.074880
BAF86041.1,0.084674
BAF86042.1,0.222427
BAF86043.1,0.090957
BAF86044.1,0.056414
BAF86045.1,0.079649
BAF86046.1,0.085426
BAF86047.1,0.074056
BAF86048.1,0.147693
BAF86049.1,0.127064
BAF86050.1,0.085349
BAF86051.1,0.059454
BAF86052.1,0.078214
BAF86053.1,0.091284
BAF86054.1,0.036714
BAF86055.1,0.064811
BAF86056.1,0.072995
BAF86057.1,0.185519
BAF86058.1,0.063391
BAF86059.1,0.067480
BAF86060.1,0.064459
BAF86061.1,0.093128
BAF86062.1,0.161386
BAF86063.1,0.068627
BAF86064.1,0.049213
BAF86065.1,0.132273
BAF86066.1,0.096323
BAF86067.1,0.095962
BAF86068.1,0.092990
BAF86069.1,0.074426
BAF86070.1,0.066639
BAF86071.1,0.120682
BAF86072.1,0.083406
BAF86073.1,0.111329
BAF86074.1,0.062983
BAF86075.1,0.106556
BAF86076.1,0.057961
BAF86077.1,0.089060
BAF86078.1,0.065910
BAF86079.1,0.143921
BAF86080.1,0.101541
BAF86081.1,0.047408
BAF86082.1,0.082529
BAF86083.1,0.092446
BAF86084.1,0.134411
BAF86085.1,0.056948
BAF86086.1,0.122346
BAF86087.1,0.102572
BAF86088.1,0.074047
BAF86089.1,0.100801
BAF86090.1,0.075197
BAF86091.1,0.079337
BAF86092.1,0.088428
BAF86093.1,0.092528
BAF86094.1,0.073807
BAF86095.1,0.071022
BAF86096.1,0.069315
BAF86097.1,0.083311
BAF86098.1,0.098568
BAF86099.1,0.064124
BAF86100.1,0.062186
BAF86101.1,0.071518
BAF86102.1,0.084861
BAF86103.1,0.096460
BAF86104.1,0.078461
BAF86105.1,0.080092
BAF86106.1,0.105233
BAF86107.1,0.068716
BAF86108.1,0.178747
BAF86109.1,0.169704
BAF86110.1,0.114472
BAF86111.1,0.100864
BAF86112.1,0.088718
BAF86113.1,0.100216
BAF86114.1,0.084947
BAF86115.1,0.077569
BAF86116.1,0.098320
BAF86117.1,0.068079
BAF86118.1,0.069205
BAF86119.1,0.068952
BAF86120.1,0.087851
BAF86121.1,0.077411
BAF86122.1,0.084136
BAF86123.1,0.047607
BAF86124.1,0.070564
BAF86125.1,0.086420
BAF86126.1,0.085541
BAF86127.1,0.064717
BAF86128.1,0.130749
BAF86129.1,0.154619
BAF86130.1,0.072973
BAF86131.1,0.081498
BAF86132.1,0.072820
BAF86133.1,0.060914
BAF86134.1,0.096160
BAF86135.1,0.074038
BAF86136.1,0.070444
BAF86137.1,0.059872
BAF86138.1,0.094813
BAF86139.1,0.090601
BAF86140.1,0.059826
BAF86141.1,0.075210
BAF86142.1,0.141973
BAF86143.1,0.097429
BAF86144.1,0.088805
BAF86145.1,0.100438
BAF86146.1,0.094186
BAF86147.1,0.057074
BAF86148.1,0.053932
BAF86149.1,0.083001
BAF86150.1,0.082677
BAF86151.1,0.060095
BAF86152.1,0.081131
BAF86153.1,0.081325
BAF86154.1,0.079688
BAF86155.1,0.096322
BAF86156.1,0.094049
BAF86157.1,0.078442
BAF86158.1,0.084775
BAF86159.1,0.080653
BAF86160.1,0.093055
BAF86161.1,0.091441
BAF86162.1,0.058971
BAF86163.1,0.099093
BAF86164.1,0.091345
BAF86165.1,0.137200
BAF86166.1,0.043618
BAF86167.1,0.099990
BAF86168.1,0.087858
BAF86169.1,0.081320
BAF86170.1,0.102064
BAF86171.1,0.102081
BAF86172.1,0.088308
BAF86173.1,0.076606
BAF86174.1,0.066641
BAF86175.1,0.079475
BAF86176.1,0.075119
BAF86177.1,0.083800
BAF86178.1,0.151144
BAF86179.1,0.116694
BAF86180.1,0.097493
BAF86181.1,0.062039
BAF86182.1,0.139446
BAF86183.1,0.126027
BAF86184.1,0.078594
BAF86185.1,0.055479
BAF86186.1,0.037234
BAF86187.1,0.091855
BAF86188.1,0.057657
BAF86189.1,0.066817
BAF86190.1,0.088553
BAF86191.1,0.080851
BAF86192.1,0.110378
BAF86193.1,0.055755
BAF86194.1,0.078994
BAF86195.1,0.072521
BAF86196.1,0.075322
BAF86197.1,0.067698
BAF86198.1,0.089808
BAF86199.1,0.074601
BAF86200.1,0.132939
BAF86201.1,0.126955
BAF86202.1,0.069988
BAF86203.1,0.109288
BAF86204.1,0.085706
BAF86205.1,0.098857
BAF86206.1,0.087458
BAF86207.1,0.065260
BAF86208.1,0.174940
BAF86209.1,0.084215
BAF86210.1,0.260012
BAF86211.1,0.073901
BAF86212.1,0.082935
BAF86213.1,0.112395
BAF86214.1,0.288785
BAF86215.1,0.093033
BAF86216.1,0.072204
BAF86217.1,0.215459
BAF86218.1,0.096148
BAF86219.1,0.065178
BAF86220.1,0.078239
BAF86221.1,0.077367
BAF86222.1,0.071749
BAF86223.1,0.091848
BAF86224.1,0.082783
BAF86225.1,0.102099
BAF86226.1,0.095847
BAF86227.1,0.046612
BAF86228.1,0.052124
BAF86229.1,0.127415
BAF86230.1,0.132751
BAF86231.1,0.099369
BAF86232.1,0.082572
BAF86233.1,0.077916
BAF86234.1,0.079577
BAF86235.1,0.075411
BAF86236.1,0.103197
BAF86237.1,0.156568
BAF86238.1,0.104280
BAF86239.1,0.092049
BAF86240.1,0.078142
BAF86241.1,0.108520
BAF86242.1,0.087475
BAF86243.1,0.064342
BAF86244.1,0.060895
BAF86245.1,0.095233
BAF86246.1,0.123756
BAF86247.1,0.140339
BAF86248.1,0.070963
BAF86249.1,0.097615
BAF86250.1,0.128930
BAF86251.1,0.056029
BAF86252.1,0.085338
BAF86253.1,0.103199
BAF86254.1,0.124802
BAF86255.1,0.079696
BAF86256.1,0.107148
BAF86257.1,0.100667
BAF86258.1,0.094464
BAF86259.1,0.121833
BAF86260.1,0.093279
BAF86261.1,0.122484
BAF86262.1,0.126775
BAF86263.1,0.135440
BAF86264.1,0.103199
BAF86265.1,0.085005
BAF86266.1,0.119118
BAF86267.1,0.134252
BAF86268.1,0.130743
BAF86269.1,0.058525
BAF86270.1,0.071950
BAF86271.1,0.098129
BAF86272.1,0.315126
BAF86273.1,0.144546
BAF86274.1,0.172768
BAF86275.1,0.087993
BAF86276.1,0.072856
BAF86277.1,0.092823
BAF86278.1,0.082203
BAF86279.1,0.101121
BAF86280.1,0.181632
BAF86281.1,0.096138
BAF86282.1,0.090371
BAF86283.1,0.082367
BAF86284.1,0.094908
BAF86285.1,0.066197
BAF86286.1,0.120418
BAF86287.1,0.074454
BAF86288.1,0.115582
BAF86289.1,0.092530
BAF86290.1,0.079090
BAF86291.1,0.093562
BAF86292.1,0.060800
BAF86293.1,0.074004
BAF86294.1,0.062608
BAF86295.1,0.095308
BAF86296.1,0.062762
BAF86297.1,0.106044
BAF86298.1,0.123833
BAF86299.1,0.048166
BAF86300.1,0.107982
BAF86301.1,0.120247
BAF86302.1,0.079617
BAF86303.1,0.095213
BAF86304.1,0.079702
BAF86305.1,0.140911
BAF86306.1,0.068426
BAF86307.1,0.101523
BAF86308.1,0.133391
BAF86309.1,0.090141
BAF86310.1,0.091126
BAF86311.1,0.121601
BAF86312.1,0.067733
BAF86313.1,0.106270
BAF86314.1,0.119003
BAF86315.1,0.094247
BAF86316.1,0.101821
BAF86317.1,0.113555
BAF86318.1,0.104252
BAF86319.1,0.058413
BAF86320.1,0.078199
BAF86321.1,0.086472
BAF86322.1,0.063074
BAF86323.1,0.084489
BAF86324.1,0.136810
BAF86325.1,0.054682
BAF86326.1,0.077565
BAF86327.1,0.110252
BAF86328.1,0.080019
BAF86329.1,0.095937
BAF86330.1,0.128309
BAF86331.1,0.088245
BAF86332.1,0.074699
BAF86333.1,0.079224
BAF86334.1,0.095473
BAF86335.1,0.041685
BAF86336.1,0.059377
BAF86337.1,0.331983
BAF86338.1,0.075849
BAF86339.1,0.092982
BAF86340.1,0.132111
BAF86341.1,0.073004
BAF86342.1,0.114297
BAF86343.1,0.113405
BAF86344.1,0.109864
BAF86345.1,0.125063
BAF86346.1,0.136907
BAF86347.1,0.062796
BAF86348.1,0.070795
BAF86349.1,0.143824
BAF86350.1,0.076549
BAF86351.1,0.076331
BAF86352.1,0.112664
BAF86353.1,0.115463
BAF86354.1,0.101505
BAF86355.1,0.117173
BAF86356.1,0.119821
BAF86357.1,0.086321
BAF86358.1,0.060906
BAF86359.1,0.076327
BAF86360.1,0.128515
BAF86361.1,0.117208
BAF86362.1,0.190918
BAF86363.1,0.110447
BAF86364.1,0.072119
BAF86365.1,0.113772
BAF86366.1,0.075840
BAF86367.1,0.126391
BAF86368.1,0.106932
BAF86369.1,0.115741
BAF86370.1,0.087843
BAF86371.1,0.064498
BAF86372.1,0.146584
BAF86373.1,0.095587
BAF86374.1,0.095627
BAF86375.1,0.075300
BAF86376.1,0.070325
BAF86377.1,0.111935
BAF86378.1,0.063109
BAF86379.1,0.059881
BAF86380.1,0.094171
BAF86381.1,0.103326
BAF86382.1,0.070548
BAF86383.1,0.118085
BAF86384.1,0.094989
BAF86385.1,0.101968
BAF86386.1,0.073116
BAF86387.1,0.107077
BAF86388.1,0.104865
BAF86389.1,0.060784
BAF86390.1,0.104540
BAF86391.1,0.062512
BAF86392.1,0.087198
BAF86393.1,0.107876
BAF86394.1,0.075769
BAF86395.1,0.090733
BAF86396.1,0.174112
BAF86397.1,0.125553
BAF86398.1,0.093663
BAF86399.1,0.067170
BAF86400.1,0.061894
BAF86401.1,0.090936
BAF86402.1,0.084147
BAF86403.1,0.120648
BAF86404.1,0.075010
BAF86405.1,0.117125
BAF86406.1,0.051218
BAF86407.1,0.224448
BAF86408.1,0.070530
BAF86409.1,0.061081
BAF86410.1,0.088247
BAF86411.1,0.071022
BAF86412.1,0.070519
BAF86413.1,0.095048
BAF86414.1,0.047471
BAF86415.1,0.105159
BAF86416.1,0.072053
BAF86417.1,0.090068
BAF86418.1,0.115581
BAF86419.1,0.085376
BAF86420.1,0.089500
BAF86421.1,0.076811
BAF86422.1,0.107915
BAF86423.1,0.153619
BAF86424.1,0.110946
BAF86425.1,0.127708
BAF86426.1,0.062235
BAF86427.1,0.165625
BAF86428.1,0.076545
BAF86429.1,0.120750
BAF86430.1,0.079166
BAF86431.1,0.073901
BAF86432.1,0.116755
BAF86433.1,0.110983
BAF86434.1,0.199594
BAF86435.1,0.058848
BAF86436.1,0.081842
BAF86437.1,0.054951
BAF86438.1,0.079826
BAF86439.1,0.144531
BAF86440.1,0.124286
BAF86441.1,0.098294
BAF86442.1,0.072517
BAF86443.1,0.103348
BAF86444.1,0.200006
BAF86445.1,0.057130
BAF86446.1,0.072809
BAF86447.1,0.095557
BAF86448.1,0.087490
BAF86449.1,0.091843
BAF86450.1,0.080960
BAF86451.1,0.064529
BAF86452.1,0.089200
BAF86453.1,0.110147
BAF86454.1,0.093114
BAF86455.1,0.117263
BAF86456.1,0.100134
BAF86457.1,0.124424
BAF86458.1,0.052185
BAF86459.1,0.053213
BAF86460.1,0.090196
BAF86461.1,0.095676
BAF86462.1,0.074557
BAF86463.1,0.094914
BAF86464.1,0.055021
BAF86465.1,0.071970
BAF86466.1,0.071592
BAF86467.1,0.054130
BAF86468.1,0.089506
BAF86469.1,0.181427
BAF86470.1,0.074160
BAF86471.1,0.065286
BAF86472.1,0.205032
BAF86473.1,0.114299
BAF86474.1,0.082471
BAF86475.1,0.082173
BAF86476.1,0.086538
BAF86477.1,0.071395
BAF86478.1,0.104208
BAF86479.1,0.090004
BAF86480.1,0.048935
BAF86481.1,0.084909
BAF86482.1,0.101362
BAF86483.1,0.173032
BAF86484.1,0.130151
BAF86485.1,0.108162
BAF86486.1,0.085716
BAF86487.1,0.054569
BAF86488.1,0.071959
BAF86489.1,0.146883
BAF86490.1,0.084605
BAF86491.1,0.146893
BAF86492.1,0.064167
BAF86493.1,0.094186
BAF86494.1,0.102641
BAF86495.1,0.074898
BAF86496.1,0.069551
BAF86497.1,0.101999
BAF86498.1,0.103299
BAF86499.1,0.067213
BAF86500.1,0.099758
BAF86501.1,0.123804
BAF86502.1,0.057366
BAF86503.1,0.102298
BAF86504.1,0.137648
BAF86505.1,0.108674
BAF86506.1,0.111648
BAF86507.1,0.103627
BAF86508.1,0.103543
BAF86509.1,0.106214
BAF86510.1,0.090473
BAF86511.1,0.080459
BAF86512.1,0.133050
BAF86513.1,0.082733
BAF86514.1,0.116109
BAF86515.1,0.115229
BAF86516.1,0.120341
BAF86517.1,0.077371
BAF86518.1,0.066229
BAF86519.1,0.071094
BAF86520.1,0.117266
BAF86521.1,0.095584
BAF86522.1,0.062816
BAF86523.1,0.084481
BAF86524.1,0.099838
BAF86525.1,0.095064
BAF86526.1,0.070298
BAF86527.1,0.045416
BAF86528.1,0.070390
BAF86529.1,0.118911
BAF86530.1,0.076893
BAF86531.1,0.072892
BAF86532.1,0.078327
BAF86533.1,0.055436
BAF86534.1,0.084178
BAF86535.1,0.069529
BAF86536.1,0.132231
BAF86537.1,0.083085
BAF86538.1,0.094112
BAF86539.1,0.121796
BAF86540.1,0.160756
BAF86541.1,0.094202
BAF86542.1,0.090684
BAF86543.1,0.062578
BAF86544.1,0.068918
BAF86545.1,0.155358
BAF86546.1,0.087094
BAF86547.1,0.054510
BAF86548.1,0.087963
BAF86549.1,0.067711
BAF86550.1,0.060903
BAF86551.1,0.091417
BAF86552.1,0.082527
BAF86553.1,0.064799
BAF86554.1,0.061097
BAF86555.1,0.092289
BAF86556.1,0.062430
BAF86557.1,0.127217
BAF86558.1,0.062194
BAF86559.1,0.117487
BAF86560.1,0.072541
BAF86561.1,0.093671
BAF86562.1,0.067406
BAF86563.1,0.103309
BAF86564.1,0.062065
BAF86565.1,0.049959
BAF86566.1,0.075683
BAF86567.1,0.084642
BAF86568.1,0.088223
BAF86569.1,0.078689
BAF86570.1,0.061447
BAF86571.1,0.073543
BAF86572.1,0.084232
BAF86573.1,0.062702
BAF86574.1,0.057610
BAF86575.1,0.086247
BAF86576.1,0.064824
BAF86577.1,0.072749
BAF86578.1,0.071850
BAF86579.1,0.082334
BAF86580.1,0.094671
BAF86581.1,0.105521
BAF86582.1,0.072545
BAF86583.1,0.069375
BAF86584.1,0.149913
BAF86585.1,0.208431
BAF86586.1,0.162931
BAF86587.1,0.059564
BAF86588.1,0.059303
BAF86589.1,0.083251
BAF86590.1,0.082250
BAF86591.1,0.090093
BAF86592.1,0.070731
BAF86593.1,0.076715
BAF86594.1,0.081004
BAF86595.1,0.072717
BAF86596.1,0.078520
BAF86597.1,0.067133
BAF86598.1,0.103262
BAF86599.1,0.068393
BAF86600.1,0.152726
BAF86601.1,0.094888
BAF86602.1,0.091472
BAF86603.1,0.072852
BAF86604.1,0.131722
BAF86605.1,0.135263
BAF86606.1,0.084371
BAF86607.1,0.055536
BAF86608.1,0.151278
BAF86609.1,0.065916
BAF86610.1,0.096334
BAF86611.1,0.133035
BAF86612.1,0.106423
BAF86613.1,0.057660
BAF86614.1,0.133223
BAF86615.1,0.081540
BAF86616.1,0.108602
BAF86617.1,0.095961
BAF86618.1,0.174108
BAF86619.1,0.110394
BAF86620.1,0.079140
BAF86621.1,0.076097
BAF86622.1,0.097812
BAF86623.1,0.057649
BAF86624.1,0.107576
BAF86625.1,0.082086
BAF86626.1,0.116774
BAF86627.1,0.088294
BAF86628.1,0.097220
BAF86629.1,0.079276
BAF86630.1,0.079209
BAF86631.1,0.113506
BAF86632.1,0.104219
BAF86633.1,0.135123
BAF86634.1,0.093267
BAF86635.1,0.121780
BAF86636.1,0.108020
BAF86637.1,0.076214
BAF86638.1,0.084589
BAF86639.1,0.120648
BAF86640.1,0.083180
BAF86641.1,0.097363
BAF86642.1,0.101971
BAF86643.1,0.088323
BAF86644.1,0.060747
BAF86645.1,0.125050
BAF86646.1,0.105588
BAF86647.1,0.141013
BAF86648.1,0.140403
BAF86649.1,0.115065
BAF86650.1,0.152919
BAF86651.1,0.141335
BAF86652.1,0.066645
BAF86653.1,0.122698
BAF86654.1,0.084501
BAF86655.1,0.082093
BAF86656.1,0.109749
BAF86657.1,0.169575
BAF86658.1,0.082510
BAF86659.1,0.077092
BAF86660.1,0.100317
BAF86661.1,0.134670
BAF86662.1,0.067670
BAF86663.1,0.087927
BAF86664.1,0.068310
BAF86665.1,0.116975
BAF86666.1,0.105191
BAF86667.1,0.117870
BAF86668.1,0.142513
BAF86669.1,0.056524
BAF86670.1,0.069432
BAF86671.1,0.094140
BAF86672.1,0.106155
BAF86673.1,0.073562
BAF86674.1,0.091085
BAF86675.1,0.133738
BAF86676.1,0.144840
BAF86677.1,0.073940
BAF86678.1,0.072185
BAF86679.1,0.048411
BAF86680.1,0.084831
BAF86681.1,0.095887
BAF86682.1,0.080992
BAF86683.1,0.094935
BAF86684.1,0.086861
BAF86685.1,0.092148
BAF86686.1,0.059727
BAF86687.1,0.061770
BAF86688.1,0.108020
BAF86689.1,0.074488
BAF86690.1,0.091968
BAF86691.1,0.052638
BAF86692.1,0.120084
BAF86693.1,0.101599
BAF86694.1,0.069963
BAF86695.1,0.090613
BAF86696.1,0.052913
BAF86697.1,0.037826
BAF86698.1,0.073696
BAF86699.1,0.074619
BAF86700.1,0.070635
BAF86701.1,0.076233
BAF86702.1,0.104628
BAF86703.1,0.094775
BAF86704.1,0.084466
BAF86705.1,0.128440
BAF86706.1,0.096995
BAF86707.1,0.057206
BAF86708.1,0.077023
BAF86709.1,0.048690
BAF86710.1,0.092606
BAF86711.1,0.096814
BAF86712.1,0.085018
BAF86713.1,0.131754
BAF86714.1,0.099518
BAF86715.1,0.109552
BAF86716.1,0.082239
BAF86717.1,0.070351
BAF86718.1,0.142636
BAF86719.1,0.089381
BAF86720.1,0.052785
BAF86721.1,0.093428
BAF86722.1,0.080031
BAF86723.1,0.071232
BAF86724.1,0.067651
BAF86725.1,0.082221
BAF86726.1,0.080325
BAF86727.1,0.050246
BAF86728.1,0.049458
BAF86729.1,0.063249
BAF86730.1,0.079631
BAF86731.1,0.076463
BAF86732.1,0.112488
BAF86733.1,0.078062
BAF86734.1,0.064177
BAF86735.1,0.067732
BAF86736.1,0.066009
BAF86737.1,0.075139
BAF86738.1,0.093252
BAF86739.1,0.053967
BAF86740.1,0.107323
BAF86741.1,0.085737
BAF86742.1,0.114373
BAF86743.1,0.079562
BAF86744.1,0.100308
BAF86745.1,0.079790
BAF86746.1,0.096065
BAF86747.1,0.098276
BAF86748.1,0.110181
BAF86749.1,0.078861
BAF86750.1,0.051618
BAF86751.1,0.087831
BAF86752.1,0.060970
BAF86753.1,0.106338
BAF86754.1,0.080805
BAF86755.1,0.055191
BAF86756.1,0.055882
BAF86757.1,0.047020
BAF86758.1,0.093109
BAF86759.1,0.065662
BAF86760.1,0.062311
BAF86761.1,0.119633
BAF86762.1,0.054084
BAF86763.1,0.056842
BAF86764.1,0.063960
BAF86765.1,0.102145
BAF86766.1,0.070816
BAF86767.1,0.078942
BAF86768.1,0.085014
BAF86769.1,0.054388
BAF86770.1,0.060322
BAF86771.1,0.085147
BAF86772.1,0.102385
BAF86773.1,0.087219
BAF86774.1,0.086961
BAF86775.1,0.085870
BAF86776.1,0.149420
BAF86777.1,0.129111
BAF86778.1,0.100893
BAF86779.1,0.086434
BAF86780.1,0.091445
BAF86781.1,0.070201
BAF86782.1,0.092879
BAF86783.1,0.068333
BAF86784.1,0.069478
BAF86785.1,0.085071
BAF86786.1,0.070107
BAF86787.1,0.124337
BAF86788.1,0.087824
BAF86789.1,0.046007
BAF86790.1,0.099882
BAF86791.1,0.062058
BAF86792.1,0.074931
BAF86793.1,0.224073
BAF86794.1,0.087942
BAF86795.1,0.074303
BAF86796.1,0.114485
BAF86797.1,0.085151
BAF86798.1,0.077514
BAF86799.1,0.062952
BAF86800.1,0.086148
BAF86801.1,0.076175
BAF86802.1,0.048968
BAF86803.1,0.103137
BAF86804.1,0.079504
BAF86805.1,0.068958
BAF86806.1,0.074316
BAF86807.1,0.091994
BAF86808.1,0.070980
BAF86809.1,0.074924
BAF86810.1,0.087698
BAF86811.1,0.062661
BAF86812.1,0.113265
BAF86813.1,0.051162
BAF86814.1,0.092276
BAF86815.1,0.080577
BAF86816.1,0.086392
BAF86817.1,0.086312
BAF86818.1,0.087236
BAF86819.1,0.065831
BAF86820.1,0.070765
BAF86821.1,0.097167
BAF86822.1,0.069969
BAF86823.1,0.130448
BAF86824.1,0.064994
BAF86825.1,0.099146
BAF86826.1,0.072696
BAF86827.1,0.186496
BAF86828.1,0.110920
BAF86829.1,0.184842
BAF86830.1,0.083650
BAF86831.1,0.133901
BAF86832.1,0.074196
BAF86833.1,0.096888
BAF86834.1,0.078102
BAF86835.1,0.106424
BAF86836.1,0.087319
BAF86837.1,0.085938
BAF86838.1,0.053920
BAF86839.1,0.067959
BAF86840.1,0.112906
BAF86841.1,0.085071
BAF86842.1,0.142892
BAF86843.1,0.107357
BAF86844.1,0.062611
BAF86845.1,0.141218
BAF86846.1,0.114783
BAF86847.1,0.084292
BAF86848.1,0.091426
BAF86849.1,0.066021
BAF86850.1,0.113901
BAF86851.1,0.078901
BAF86852.1,0.183405
BAF86853.1,0.088539
BAF86854.1,0.096974
BAF86855.1,0.093523
BAF86856.1,0.183490
BAF86857.1,0.114990
BAF86858.1,0.120393
BAF86859.1,0.162106
BAF86860.1,0.131490
BAF86861.1,0.214335
BAF86862.1,0.194604
BAF86863.1,0.064231
BAF86864.1,0.199654
BAF86865.1,0.135341
BAF86866.1,0.083243
BAF86867.1,0.107210
BAF86868.1,0.169958
BAF86869.1,0.119652
BAF86870.1,0.153227
BAF86871.1,0.170147
BAF86872.1,0.101146
BAF86873.1,0.174837
BAF86874.1,0.109466
BAF86875.1,0.088095
BAF86876.1,0.095504
BAF86877.1,0.075107
BAF86878.1,0.114748
BAF86879.1,0.129135
BAF86880.1,0.132787
BAF86881.1,0.117776
BAF86882.1,0.099349
BAF86883.1,0.116054
BAF86884.1,0.209525
BAF86885.1,0.094653
BAF86886.1,0.090617
BAF86887.1,0.081895
BAF86888.1,0.075256
BAF86889.1,0.072327
BAF86890.1,0.054611
BAF86891.1,0.134970
BAF86892.1,0.077597
BAF86893.1,0.109484
BAF86894.1,0.066955
BAF86895.1,0.069635
BAF86896.1,0.113023
BAF86897.1,0.056061
BAF86898.1,0.079010
BAF86899.1,0.171258
BAF86900.1,0.073432
BAF86901.1,0.061873
BAF86902.1,0.136788
BAF86903.1,0.139713
BAF86904.1,0.163380
BAF86905.1,0.083532
BAF86906.1,0.068570
BAF86907.1,0.148145
BAF86908.1,0.098725
BAF86909.1,0.070893
BAF86910.1,0.069460
BAF86911.1,0.053419
BAF86912.1,0.066985
BAF86913.1,0.041090
BAF86914.1,0.067629
BAF86915.1,0.078834
BAF86916.1,0.092861
BAF86917.1,0.069664
BAF86918.1,0.076077
BAF86919.1,0.068140
BAF86920.1,0.097567
BAF86921.1,0.051635
BAF86922.1,0.111906
BAF86923.1,0.054115
BAF86924.1,0.138509
BAF86925.1,0.084019
BAF86926.1,0.070822
BAF86927.1,0.055414
BAF86928.1,0.063905
BAF86929.1,0.064432
BAF86930.1,0.078415
BAF86931.1,0.117173
BAF86932.1,0.155433
BAF86933.1,0.094762
BAF86934.1,0.078818
BAF86935.1,0.069697
BAF86936.1,0.087845
BAF86937.1,0.101622
BAF86938.1,0.080410
BAF86939.1,0.068768
BAF86940.1,0.079510
BAF86941.1,0.074832
BAF86942.1,0.090161
BAF86943.1,0.109048
BAF86944.1,0.073710
BAF86945.1,0.064773
BAF86946.1,0.070611
BAF86947.1,0.089639
BAF86948.1,0.061758
BAF86949.1,0.060753
BAF86950.1,0.072138
BAF86951.1,0.081220
BAF86952.1,0.142837
BAF86953.1,0.087718
BAF86954.1,0.087245
BAF86955.1,0.063127
BAF86956.1,0.101279
BAF86957.1,0.108437
BAF86958.1,0.113088
BAF86959.1,0.135878
BAF86960.1,0.106551
BAF86961.1,0.069607
BAF86962.1,0.116612
BAF86963.1,0.085778
BAF86964.1,0.098728
BAF86965.1,0.089299
BAF86966.1,0.088599
BAF86967.1,0.098356
BAF86968.1,0.085958
BAF86969.1,0.127555
BAF86970.1,0.088230
BAF86971.1,0.108067
BAF86972.1,0.064200
BAF86973.1,0.061424
BAF86974.1,0.072089
BAF86975.1,0.074642
BAF86976.1,0.059460
BAF86977.1,0.095203
BAF86978.1,0.074729
BAF86979.1,0.107182
BAF86980.1,0.063741
BAF86981.1,0.049046
BAF86982.1,0.067794
BAF86983.1,0.073717
BAF86984.1,0.057087
BAF86985.1,0.075654
BAF86986.1,0.076064
BAF86987.1,0.084486
BAF86988.1,0.173303
BAF86989.1,0.073156
BAF86990.1,0.042529
BAF86991.1,0.056511
BAF86992.1,0.071763
BAF86993.1,0.073999
BAF86994.1,0.081574
BAF86995.1,0.056148
BAF86996.1,0.069568
BAF86997.1,0.081113
BAF86998.1,0.100916
BAF86999.1,0.073893
BAF87000.1,0.085255
BAF87001.1,0.060595
BAF87002.1,0.092574
BAF87003.1,0.076772
BAF87004.1,0.057118
BAF87005.1,0.109493
BAF87006.1,0.080426
BAF87007.1,0.053333
BAF87008.1,0.090835
BAF87009.1,0.091331
BAF87010.1,0.088288
BAF87011.1,0.077420
BAF87012.1,0.088692
BAF87013.1,0.149964
BAF87014.1,0.085686
BAF87015.1,0.090241
BAF87016.1,0.072161
BAF87017.1,0.129260
BAF87018.1,0.087418
BAF87019.1,0.054559
BAF87020.1,0.087249
BAF87021.1,0.273689
BAF87022.1,0.074281
BAF87023.1,0.093552
BAF87024.1,0.078039
BAF87025.1,0.080272
BAF87026.1,0.066679
BAF87027.1,0.081393
BAF87028.1,0.072189
BAF87029.1,0.069496
BAF87030.1,0.064618
BAF87031.1,0.142249
BAF87032.1,0.140907
BAF87033.1,0.112993
BAF87034.1,0.150958
BAF87035.1,0.077381
BAF87036.1,0.057985
BAF87037.1,0.086753
BAF87038.1,0.111328
BAF87039.1,0.087132
BAF87040.1,0.101293
BAF87041.1,0.179644
BAF87042.1,0.101723
BAF87043.1,0.061543
BAF87044.1,0.077011
BAF87045.1,0.076658
BAF87046.1,0.092959
BAF87047.1,0.045663
BAF87048.1,0.062026
BAF87049.1,0.106020
BAF87050.1,0.086487
BAF87051.1,0.086433
BAF87052.1,0.177408
BAF87053.1,0.095189
BAF87054.1,0.064987
BAF87055.1,0.090690
BAF87056.1,0.076983
BAF87057.1,0.101123
BAF87058.1,0.066462
BAF87059.1,0.102865
BAF87060.1,0.151767
BAF87061.1,0.077527
BAF87062.1,0.074420
BAF87063.1,0.090430
BAF87064.1,0.064978
BAF87065.1,0.082621
BAF87066.1,0.108563
BAF87067.1,0.063856
BAF87068.1,0.198457
BAF87069.1,0.113191
BAF87070.1,0.073032
BAF87071.1,0.064272
BAF87072.1,0.057284
BAF87073.1,0.116046
BAF87074.1,0.089286
BAF87075.1,0.085539
BAF87076.1,0.056238
BAF87077.1,0.077661
BAF87078.1,0.089373
BAF87079.1,0.115753
BAF87080.1,0.098800
BAF87081.1,0.084461
BAF87082.1,0.047863
BAF87083.1,0.151707
BAF87084.1,0.127587
BAF87085.1,0.120993
BAF87086.1,0.096826
BAF87087.1,0.144213
BAF87088.1,0.128818
BAF87089.1,0.080128
BAF87090.1,0.138564
BAF87091.1,0.068299
BAF87092.1,0.120874
BAF87093.1,0.123089
BAF87094.1,0.068914
BAF87095.1,0.078479
BAF87096.1,0.115586
BAF87097.1,0.043133
BAF87098.1,0.101580
BAF87099.1,0.160690
BAF87100.1,0.077904
BAF87101.1,0.072581
BAF87102.1,0.143239
BAF87103.1,0.130166
BAF87104.1,0.113820
BAF87105.1,0.081697
BAF87106.1,0.134138
BAF87107.1,0.100161
BAF87108.1,0.182467
BAF87109.1,0.176221
BAF87110.1,0.193828
BAF87111.1,0.083922
BAF87112.1,0.106100
BAF87113.1,0.123657
BAF87114.1,0.144879
BAF87115.1,0.140808
BAF87116.1,0.102334
BAF87117.1,0.125534
BAF87118.1,0.166532
BAF87119.1,0.101554
BAF87120.1,0.087252
BAF87121.1,0.284493
BAF87122.1,0.098387
BAF87123.1,0.072390
BAF87124.1,0.122813
BAF87125.1,0.072340
BAF87126.1,0.070759
BAF87127.1,0.086266
BAF87128.1,0.061175
BAF87129.1,0.130643
BAF87130.1,0.113869
BAF87131.1,0.102909
BAF87132.1,0.071908
BAF87133.1,0.111879
BAF87134.1,0.096594
BAF87135.1,0.086093
BAF87136.1,0.058755
BAF87137.1,0.068581
BAF87138.1,0.069413
BAF87139.1,0.061470
BAF87140.1,0.110460
BAF87141.1,0.056670
BAF87142.1,0.115347
BAF87143.1,0.060013
BAF87144.1,0.134129
BAF87145.1,0.099768
BAF87146.1,0.067636
BAF87147.1,0.075348
BAF87148.1,0.085883
BAF87149.1,0.162432
BAF87150.1,0.101936
BAF87151.1,0.080006
BAF87152.1,0.148811
BAF87153.1,0.086008
BAF87154.1,0.070134
BAF87155.1,0.101713
BAF87156.1,0.101913
BAF87157.1,0.090242
BAF87158.1,0.105799
BAF87159.1,0.092394
BAF87160.1,0.065598
BAF87161.1,0.050202
BAF87162.1,0.127280
BAF87163.1,0.053562
BAF87164.1,0.056959
BAF87165.1,0.109280
BAF87166.1,0.133692
BAF87167.1,0.072239
BAF87168.1,0.050500
BAF87169.1,0.097379
BAF87170.1,0.074590
BAF87171.1,0.065294
BAF87172.1,0.069977
BAF87173.1,0.078215
BAF87174.1,0.066959
BAF87175.1,0.081708
BAF87176.1,0.139670
BAF87177.1,0.127013
BAF87178.1,0.062971
BAF87179.1,0.081552
BAF87180.1,0.086407
BAF87181.1,0.052891
BAF87182.1,0.055488
BAF87183.1,0.088613
BAF87184.1,0.084100
BAF87185.1,0.068026
BAF87186.1,0.106531
BAF87187.1,0.077863
BAF87188.1,0.089062
BAF87189.1,0.084205
BAF87190.1,0.090718
BAF87191.1,0.048323
BAF87192.1,0.086610
BAF87193.1,0.073714
BAF87194.1,0.073848
BAF87195.1,0.091567
BAF87196.1,0.146343
BAF87197.1,0.099126
BAF87198.1,0.136134
BAF87199.1,0.121039
BAF87200.1,0.099782
BAF87201.1,0.081585
BAF87202.1,0.061114
BAF87203.1,0.079448
BAF87204.1,0.092373
BAF87205.1,0.086725
BAF87206.1,0.142506
BAF87207.1,0.065452
BAF87208.1,0.065333
BAF87209.1,0.106105
BAF87210.1,0.098718
BAF87211.1,0.120538
BAF87212.1,0.094211
BAF87213.1,0.242876
BAF87214.1,0.127412
BAF87215.1,0.134235
BAF87216.1,0.074996
BAF87217.1,0.082104
BAF87218.1,0.116767
BAF87219.1,0.044724
BAF87220.1,0.058304
BAF87221.1,0.062937
BAF87222.1,0.088613
BAF87223.1,0.066557
BAF87224.1,0.127905
BAF87225.1,0.072048
BAF87226.1,0.064025
BAF87227.1,0.070247
BAF87228.1,0.104508
BAF87229.1,0.084302
BAF87230.1,0.091596
BAF87231.1,0.092058
BAF87232.1,0.089745
BAF87233.1,0.078282
BAF87234.1,0.154130
BAF87235.1,0.079168
BAF87236.1,0.080890
BAF87237.1,0.093348
BAF87238.1,0.075308
BAF87239.1,0.067173
BAF87240.1,0.063395
BAF87241.1,0.072622
BAF87242.1,0.104318
BAF87243.1,0.105172
BAF87244.1,0.138895
BAF87245.1,0.125454
BAF87246.1,0.073735
BAF87247.1,0.058067
BAF87248.1,0.117526
BAF87249.1,0.059640
BAF87250.1,0.122641
BAF87251.1,0.141547
BAF87252.1,0.057774
BAF87253.1,0.077720
BAF87254.1,0.071641
BAF87255.1,0.100125
BAF87256.1,0.094581
BAF87257.1,0.096608
BAF87258.1,0.113675
BAF87259.1,0.054384
BAF87260.1,0.085595
BAF87261.1,0.130847
BAF87262.1,0.091067
BAF87263.1,0.096940
BAF87264.1,0.106147
BAF87265.1,0.079810
BAF87266.1,0.059618
BAF87267.1,0.126268
BAF87268.1,0.093002
BAF87269.1,0.114898
BAF87270.1,0.074192
BAF87271.1,0.143770
BAF87272.1,0.098942
BAF87273.1,0.076371
BAF87274.1,0.125850
BAF87275.1,0.109017
BAF87276.1,0.057180
BAF87277.1,0.071019
BAF87278.1,0.111731
BAF87279.1,0.135038
BAF87280.1,0.159243
BAF87281.1,0.130107
BAF87282.1,0.128876
BAF87283.1,0.081027
BAF87284.1,0.179131
BAF87285.1,0.113241
BAF87286.1,0.112395
BAF87287.1,0.288785
BAF87288.1,0.093033
BAF87289.1,0.086034
BAF87290.1,0.091799
BAF87291.1,0.110359
BAF87292.1,0.170031
BAF87293.1,0.085222
BAF87294.1,0.111144
BAF87295.1,0.074128
BAF87296.1,0.093992
BAF87297.1,0.082783
BAF87298.1,0.075890
BAF87299.1,0.089509
BAF87300.1,0.076263
BAF87301.1,0.074488
BAF87302.1,0.063949
BAF87303.1,0.079299
BAF87304.1,0.073037
BAF87305.1,0.063573
BAF87306.1,0.093712
BAF87307.1,0.055343
BAF87308.1,0.056438
BAF87309.1,0.063954
BAF87310.1,0.101068
BAF87311.1,0.073505
BAF87312.1,0.114623
BAF87313.1,0.095136
BAF87314.1,0.078553
BAF87315.1,0.069289
BAF87316.1,0.061968
BAF87317.1,0.076745
BAF87318.1,0.080816
BAF87319.1,0.051949
BAF87320.1,0.097494
BAF87321.1,0.081630
BAF87322.1,0.077957
BAF87323.1,0.064803
BAF87324.1,0.057184
BAF87325.1,0.069441
BAF87326.1,0.076372
BAF87327.1,0.058172
BAF87328.1,0.069255
BAF87329.1,0.076266
BAF87330.1,0.097575
BAF87331.1,0.085472
BAF87332.1,0.083225
BAF87333.1,0.081919
BAF87334.1,0.075399
BAF87335.1,0.104252
BAF87336.1,0.152748
BAF87337.1,0.117112
BAF87338.1,0.085306
BAF87339.1,0.083146
BAF87340.1,0.121400
BAF87341.1,0.072572
BAF87342.1,0.044359
BAF87343.1,0.080373
BAF87344.1,0.073182
BAF87345.1,0.073859
BAF87346.1,0.067505
BAF87347.1,0.071575
BAF87348.1,0.076146
BAF87349.1,0.087514
BAF87350.1,0.145851
BAF87351.1,0.094799
BAF87352.1,0.061853
BAF87353.1,0.047345
BAF87354.1,0.039378
BAF87355.1,0.069936
BAF87356.1,0.173346
BAF87357.1,0.040950
BAF87358.1,0.053798
BAF87359.1,0.075906
BAF87360.1,0.102818
BAF87361.1,0.056017
BAF87362.1,0.055267
BAF87363.1,0.062881
BAF87364.1,0.063051
BAF87365.1,0.069269
BAF87366.1,0.069393
BAF87367.1,0.091294
BAF87368.1,0.067683
BAF87369.1,0.070803
BAF87370.1,0.064703
BAF87371.1,0.078348
BAF87372.1,0.085235
BAF87373.1,0.037188
BAF87374.1,0.083238
BAF87375.1,0.078803
BAF87376.1,0.088627
BAF87377.1,0.052748
BAF87378.1,0.076204
BAF87379.1,0.099210
BAF87380.1,0.075938
BAF87381.1,0.081379
BAF87382.1,0.057878
BAF87383.1,0.072400
BAF87384.1,0.069083
BAF87385.1,0.066657
BAF87386.1,0.063157
BAF87387.1,0.062581
BAF87388.1,0.069235
BAF87389.1,0.074435
BAF87390.1,0.063101
BAF87391.1,0.071360
BAF87392.1,0.118515
BAF87393.1,0.065275
BAF87394.1,0.076628
BAF87395.1,0.072473
BAF87396.1,0.203090
BAF87397.1,0.189912
BAF87398.1,0.049785
BAF87399.1,0.067590
BAF87400.1,0.076824
BAF87401.1,0.067113
BAF87402.1,0.039228
BAF87403.1,0.081450
BAF87404.1,0.120396
BAF87405.1,0.094289
BAF87406.1,0.068939
BAF87407.1,0.070424
BAF87408.1,0.097891
BAF87409.1,0.074804
BAF87410.1,0.085304
BAF87411.1,0.066526
BAF87412.1,0.067723
BAF87413.1,0.057207
BAF87414.1,0.072405
BAF87415.1,0.086331
BAF87416.1,0.086344
BAF87417.1,0.100543
BAF87418.1,0.122819
BAF87419.1,0.051237
BAF87420.1,0.085619
BAF87421.1,0.066882
BAF87422.1,0.054204
BAF87423.1,0.051895
BAF87424.1,0.062869
BAF87425.1,0.088912
BAF87426.1,0.100400
BAF87427.1,0.074064
BAF87428.1,0.066302
BAF87429.1,0.091079
BAF87430.1,0.129524
BAF87431.1,0.090554
BAF87432.1,0.071996
BAF87433.1,0.092888
BAF87434.1,0.102685
BAF87435.1,0.067036
BAF87436.1,0.075151
BAF87437.1,0.093548
BAF87438.1,0.079211
BAF87439.1,0.091966
BAF87440.1,0.086015
BAF87441.1,0.085628
BAF87442.1,0.067817
BAF87443.1,0.079008
BAF87444.1,0.070101
BAF87445.1,0.106852
BAF87446.1,0.072082
BAF87447.1,0.093479
BAF87448.1,0.088240
BAF87449.1,0.084740
BAF87450.1,0.083888
BAF87451.1,0.080410
BAF87452.1,0.057682
BAF87453.1,0.122920
BAF87454.1,0.087045
BAF87455.1,0.099429
BAF87456.1,0.104890
BAF87457.1,0.098896
BAF87458.1,0.095678
BAF87459.1,0.081605
BAF87460.1,0.074775
BAF87461.1,0.094261
BAF87462.1,0.136937
BAF87463.1,0.123567
BAF87464.1,0.111830
BAF87465.1,0.058453
BAF87466.1,0.068183
BAF87467.1,0.093822
BAF87468.1,0.102156
BAF87469.1,0.050322
BAF87470.1,0.072534
BAF87471.1,0.077406
BAF87472.1,0.071982
BAF87473.1,0.043728
BAF87474.1,0.070346
BAF87475.1,0.050355
BAF87476.1,0.137909
BAF87477.1,0.109365
BAF87478.1,0.111490
BAF87479.1,0.130619
BAF87480.1,0.092738
BAF87481.1,0.064379
BAF87482.1,0.073402
BAF87483.1,0.097195
BAF87484.1,0.069733
BAF87485.1,0.094874
BAF87486.1,0.094845
BAF87487.1,0.067423
BAF87488.1,0.079828
BAF87489.1,0.070370
BAF87490.1,0.078259
BAF87491.1,0.106442
BAF87492.1,0.048568
BAF87493.1,0.117360
BAF87494.1,0.052086
BAF87495.1,0.067778
BAF87496.1,0.091735
BAF87497.1,0.057576
BAF87498.1,0.067054
BAF87499.1,0.086401
BAF87500.1,0.089031
BAF87501.1,0.078059
BAF87502.1,0.076934
BAF87503.1,0.073251
BAF87504.1,0.115423
BAF87505.1,0.048131
BAF87506.1,0.059491
BAF87507.1,0.091083
BAF87508.1,0.078686
BAF87509.1,0.083507
BAF87510.1,0.066408
BAF87511.1,0.081377
BAF87512.1,0.065299
BAF87513.1,0.072856
BAF87514.1,0.091983
BAF87515.1,0.084778
BAF87516.1,0.102371
BAF87517.1,0.079241
BAF87518.1,0.081480
BAF87519.1,0.054281
BAF87520.1,0.059008
BAF87521.1,0.063312
BAF87522.1,0.075625
BAF87523.1,0.075656
BAF87524.1,0.080890
BAF87525.1,0.092902
BAF87526.1,0.092493
BAF87527.1,0.104724
BAF87528.1,0.079823
BAF87529.1,0.125485
BAF87530.1,0.055568
BAF87531.1,0.105628
BAF87532.1,0.104848
BAF87533.1,0.069840
BAF87534.1,0.112530
BAF87535.1,0.160642
BAF87536.1,0.135773
BAF87537.1,0.081925
BAF87538.1,0.087086
BAF87539.1,0.074612
BAF87540.1,0.093591
BAF87541.1,0.091435
BAF87542.1,0.069263
BAF87543.1,0.108799
BAF87544.1,0.090015
BAF87545.1,0.121793
BAF87546.1,0.053445
BAF87547.1,0.080565
BAF87548.1,0.083770
BAF87549.1,0.080482
BAF87550.1,0.092609
BAF87551.1,0.067249
BAF87552.1,0.080359
BAF87553.1,0.108010
BAF87554.1,0.061853
BAF87555.1,0.075782
BAF87556.1,0.044725
BAF87557.1,0.088500
BAF87558.1,0.086258
BAF87559.1,0.100717
BAF87560.1,0.085604
BAF87561.1,0.125407
BAF87562.1,0.059908
BAF87563.1,0.073285
BAF87564.1,0.077359
BAF87565.1,0.088173
BAF87566.1,0.058638
BAF87567.1,0.075980
BAF87568.1,0.057213
BAF87569.1,0.069613
BAF87570.1,0.061295
BAF87571.1,0.149338
BAF87572.1,0.123995
BAF87573.1,0.042291
BAF87574.1,0.073497
BAF87575.1,0.069705
BAF87576.1,0.180068
BAF87577.1,0.139730
BAF87578.1,0.055699
BAF87579.1,0.099476
BAF87580.1,0.079154
BAF87581.1,0.119011
BAF87582.1,0.057118
BAF87583.1,0.090939
BAF87584.1,0.076122
BAF87585.1,0.074581
BAF87586.1,0.123174
BAF87587.1,0.062446
BAF87588.1,0.101858
BAF87589.1,0.068982
BAF87590.1,0.049779
BAF87591.1,0.185506
BAF87592.1,0.134682
BAF87593.1,0.055619
BAF87594.1,0.081158
BAF87595.1,0.086752
BAF87596.1,0.074466
BAF87597.1,0.118990
BAF87598.1,0.129888
BAF87599.1,0.124890
BAF87600.1,0.150693
BAF87601.1,0.095600
BAF87602.1,0.095192
BAF87603.1,0.044164
BAF87604.1,0.104292
BAF87605.1,0.111739
BAF87606.1,0.099556
BAF87607.1,0.089158
BAF87608.1,0.077669
BAF87609.1,0.184327
BAF87610.1,0.049120
BAF87611.1,0.061132
BAF87612.1,0.050670
BAF87613.1,0.114678
BAF87614.1,0.139323
BAF87615.1,0.120355
BAF87616.1,0.113215
BAF87617.1,0.100839
BAF87618.1,0.103892
BAF87619.1,0.047471
BAF87620.1,0.088145
BAF87621.1,0.127039
BAF87622.1,0.089550
BAF87623.1,0.114639
BAF87624.1,0.077389
BAF87625.1,0.059397
BAF87626.1,0.051137
BAF87627.1,0.117358
BAF87628.1,0.097511
BAF87629.1,0.071548
BAF87630.1,0.086110
BAF87631.1,0.066719
BAF87632.1,0.069895
BAF87633.1,0.064674
BAF87634.1,0.074563
BAF87635.1,0.066256
BAF87636.1,0.047994
BAF87637.1,0.098383
BAF87638.1,0.047295
BAF87639.1,0.088429
BAF87640.1,0.070685
BAF87641.1,0.089035
BAF87642.1,0.076156
BAF87643.1,0.072051
BAF87644.1,0.093559
BAF87645.1,0.111098
BAF87646.1,0.103760
BAF87647.1,0.059749
BAF87648.1,0.080500
BAF87649.1,0.099235
BAF87650.1,0.045328
BAF87651.1,0.058860
BAF87652.1,0.077811
BAF87653.1,0.078780
BAF87654.1,0.077494
BAF87655.1,0.091545
BAF87656.1,0.115770
BAF87657.1,0.107664
BAF87658.1,0.088223
BAF87659.1,0.122948
BAF87660.1,0.078710
BAF87661.1,0.067040
BAF87662.1,0.131383
BAF87663.1,0.117292
BAF87664.1,0.058148
BAF87665.1,0.158625
BAF87666.1,0.109963
BAF87667.1,0.087194
BAF87668.1,0.065324
BAF87669.1,0.094656
BAF87670.1,0.074259
BAF87671.1,0.158640
BAF87672.1,0.064740
BAF87673.1,0.117708
BAF87674.1,0.087550
BAF87675.1,0.086277
BAF87676.1,0.158327
BAF87677.1,0.105241
BAF87678.1,0.100069
BAF87679.1,0.062318
BAF87680.1,0.072734
BAF87681.1,0.073138
BAF87682.1,0.106394
BAF87683.1,0.117620
BAF87684.1,0.065307
BAF87685.1,0.062735
BAF87686.1,0.080868
BAF87687.1,0.105609
BAF87688.1,0.090738
BAF87689.1,0.041828
BAF87690.1,0.070527
BAF87691.1,0.066039
BAF87692.1,0.113753
BAF87693.1,0.095425
BAF87694.1,0.094090
BAF87695.1,0.072293
BAF87696.1,0.090050
BAF87697.1,0.093003
BAF87698.1,0.058970
BAF87699.1,0.108003
BAF87700.1,0.098964
BAF87701.1,0.089478
BAF87702.1,0.096078
BAF87703.1,0.096189
BAF87704.1,0.078116
BAF87705.1,0.061044
BAF87706.1,0.081168
BAF87707.1,0.148107
BAF87708.1,0.094832
BAF87709.1,0.074000
BAF87710.1,0.062424
BAF87711.1,0.110533
BAF87712.1,0.059034
BAF87713.1,0.107857
BAF87714.1,0.102171
BAF87715.1,0.103861
BAF87716.1,0.075997
BAF87717.1,0.058725
BAF87718.1,0.089312
BAF87719.1,0.079736
BAF87720.1,0.175052
BAF87721.1,0.123884
BAF87722.1,0.108241
BAF87723.1,0.079407
BAF87724.1,0.065242
BAF87725.1,0.101980
BAF87726.1,0.084729
BAF87727.1,0.055642
BAF87728.1,0.069047
BAF87729.1,0.105333
BAF87730.1,0.069695
BAF87731.1,0.098637
BAF87732.1,0.092857
BAF87733.1,0.080757
BAF87734.1,0.148608
BAF87735.1,0.117899
BAF87736.1,0.117434
BAF87737.1,0.061119
BAF87738.1,0.155481
BAF87739.1,0.081204
BAF87740.1,0.116951
BAF87741.1,0.065749
BAF87742.1,0.095305
BAF87743.1,0.126964
BAF87744.1,0.078240
BAF87745.1,0.078375
BAF87746.1,0.080121
BAF87747.1,0.074103
BAF87748.1,0.056211
BAF87749.1,0.091235
BAF87750.1,0.114377
BAF87751.1,0.099282
BAF87752.1,0.071211
BAF87753.1,0.133311
BAF87754.1,0.082896
BAF87755.1,0.063591
BAF87756.1,0.132601
BAF87757.1,0.069374
BAF87758.1,0.067964
BAF87759.1,0.107704
BAF87760.1,0.049614
BAF87761.1,0.103280
BAF87762.1,0.081162
BAF87763.1,0.131455
BAF87764.1,0.071020
BAF87765.1,0.155594
BAF87766.1,0.099492
BAF87767.1,0.076065
BAF87768.1,0.093442
BAF87769.1,0.077913
BAF87770.1,0.060636
BAF87771.1,0.084862
BAF87772.1,0.057836
BAF87773.1,0.062355
BAF87774.1,0.061769
BAF87775.1,0.051806
BAF87776.1,0.168163
BAF87777.1,0.076073
BAF87778.1,0.085576
BAF87779.1,0.069342
BAF87780.1,0.097341
BAF87781.1,0.111360
BAF87782.1,0.059490
BAF87783.1,0.107936
BAF87784.1,0.053479
BAF87785.1,0.107614
BAF87786.1,0.188025
BAF87787.1,0.056011
BAF87788.1,0.086690
BAF87789.1,0.063122
BAF87790.1,0.076735
BAF87791.1,0.063836
BAF87792.1,0.051742
BAF87793.1,0.094759
BAF87794.1,0.045938
BAF87795.1,0.063915
BAF87796.1,0.061038
BAF87797.1,0.095307
BAF87798.1,0.094343
BAF87799.1,0.061253
BAF87800.1,0.092785
BAF87801.1,0.115777
BAF87802.1,0.074632
BAF87803.1,0.069355
BAF87804.1,0.060765
BAF87805.1,0.074680
BAF87806.1,0.068353
BAF87807.1,0.051233
BAF87808.1,0.099655
BAF87809.1,0.077656
BAF87810.1,0.093652
BAF87811.1,0.104095
BAF87812.1,0.068874
BAF87813.1,0.088217
BAF87814.1,0.094543
BAF87815.1,0.080572
BAF87816.1,0.077326
BAF87817.1,0.084560
BAF87818.1,0.052134
BAF87819.1,0.129209
BAF87820.1,0.068806
BAF87821.1,0.083560
BAF87822.1,0.075397
BAF87823.1,0.096262
BAF87824.1,0.096501
BAF87825.1,0.079488
BAF87826.1,0.057220
BAF87827.1,0.098930
BAF87828.1,0.078366
BAF87829.1,0.067368
BAF87830.1,0.081218
BAF87831.1,0.060770
BAF87832.1,0.097363
BAF87833.1,0.055858
BAF87834.1,0.084682
BAF87835.1,0.116452
BAF87836.1,0.088540
BAF87837.1,0.081668
BAF87838.1,0.061682
BAF87839.1,0.108531
BAF87840.1,0.075508
BAF87841.1,0.086586
BAF87842.1,0.089125
BAF87843.1,0.076618
BAF87844.1,0.115753
BAF87845.1,0.059898
BAF87846.1,0.068394
BAF87847.1,0.096529
BAF87848.1,0.075286
BAF87849.1,0.091386
BAF87850.1,0.048218
BAF87851.1,0.110391
BAF87852.1,0.118890
BAF87853.1,0.242280
BAF87854.1,0.062292
BAF87855.1,0.088248
BAF87856.1,0.091394
BAF87857.1,0.050090
BAF87858.1,0.060606
BAF87859.1,0.071736
BAF87860.1,0.082605
BAF87861.1,0.113631
BAF87862.1,0.071229
BAF87863.1,0.120536
BAF87864.1,0.067689
BAF87865.1,0.071494
BAF87866.1,0.095465
BAF87867.1,0.094694
BAF87868.1,0.110267
BAF87869.1,0.114654
BAF87870.1,0.058173
BAF87871.1,0.070941
BAF87872.1,0.063149
BAF87873.1,0.092643
BAF87874.1,0.140111
BAF87875.1,0.090025
BAF87876.1,0.093221
BAF87877.1,0.105645
BAF87878.1,0.087553
BAF87879.1,0.075852
BAF87880.1,0.095833
BAF87881.1,0.099173
BAF87882.1,0.053220
BAF87883.1,0.061570
BAF87884.1,0.056211
BAF87885.1,0.065966
BAF87886.1,0.066003
BAF87887.1,0.055593
BAF87888.1,0.104324
BAF87889.1,0.081256
BAF87890.1,0.066461
BAF87891.1,0.143078
BAF87892.1,0.062440
BAF87893.1,0.048479
BAF87894.1,0.062489
BAF87895.1,0.084192
BAF87896.1,0.076627
BAF87897.1,0.054789
BAF87898.1,0.089634
BAF87899.1,0.074391
BAF87900.1,0.093759
BAF87901.1,0.072689
BAF87902.1,0.048028
BAF87903.1,0.087460
BAF87904.1,0.088354
BAF87905.1,0.065617
BAF87906.1,0.056447
BAF87907.1,0.072660
BAF87908.1,0.090890
BAF87909.1,0.057064
BAF87910.1,0.060628
BAF87911.1,0.084504
BAF87912.1,0.107053
BAF87913.1,0.081471
BAF87914.1,0.099520
BAF87915.1,0.055377
BAF87916.1,0.096153
BAF87917.1,0.094028
BAF87918.1,0.108851
BAF87919.1,0.083036
BAF87920.1,0.069592
BAF87921.1,0.070943
BAF87922.1,0.088082
BAF87923.1,0.085405
BAF87924.1,0.062695
BAF87925.1,0.094856
BAF87926.1,0.062596
BAF87927.1,0.102021
BAF87928.1,0.100594
BAF87929.1,0.092659
BAF87930.1,0.162919
BAF87931.1,0.091592
BAF87932.1,0.095355
BAF87933.1,0.062640
BAF87934.1,0.096136
BAF87935.1,0.070166
BAF87936.1,0.051417
BAF87937.1,0.144779
BAF87938.1,0.067439
BAF87939.1,0.066982
BAF87940.1,0.113187
BAF87941.1,0.077901
BAF87942.1,0.068332
BAF87943.1,0.095085
BAF87944.1,0.085126
BAF87945.1,0.060100
BAF87946.1,0.056273
BAF87947.1,0.060792
BAF87948.1,0.087969
BAF87949.1,0.085068
BAF87950.1,0.062996
BAF87951.1,0.091521
BAF87952.1,0.068717
BAF87953.1,0.064132
BAF87954.1,0.055540
BAF87955.1,0.081771
BAF87956.1,0.064700
BAF87957.1,0.073423
BAF87958.1,0.053894
BAF87959.1,0.122278
BAF87960.1,0.085773
BAF87961.1,0.070064
BAF87962.1,0.056991
BAF87963.1,0.116604
BAF87964.1,0.059042
BAF87965.1,0.091811
BAF87966.1,0.087073
BAF87967.1,0.083848
BAF87968.1,0.101337
BAF87969.1,0.098420
BAF87970.1,0.053607
BAF87971.1,0.053256
BAF87972.1,0.080676
BAF87973.1,0.065201
BAF87974.1,0.062075
BAF87975.1,0.084610
BAF87976.1,0.087389
BAF87977.1,0.078659
BAF87978.1,0.089846
BAF87979.1,0.135499
BAF87980.1,0.065259
BAF87981.1,0.090171
BAF87982.1,0.074695
BAF87983.1,0.088911
BAF87984.1,0.092959
BAF87985.1,0.085578
BAF87986.1,0.087276
BAF87987.1,0.067488
BAF87988.1,0.082951
BAF87989.1,0.075473
BAF87990.1,0.086664
BAF87991.1,0.070797
BAF87992.1,0.051812
BAF87993.1,0.072977
BAF87994.1,0.077616
BAF87995.1,0.065222
BAF87996.1,0.079392
BAF87997.1,0.069208
BAF87998.1,0.049843
BAF87999.1,0.095131
BAF88000.1,0.109066
BAF88001.1,0.097158
BAF88002.1,0.088027
BAF88003.1,0.099959
BAF88004.1,0.077025
BAF88005.1,0.048648
BAF88006.1,0.075628
BAF88007.1,0.068603
BAF88008.1,0.075696
BAF88009.1,0.053979
BAF88010.1,0.075333
BAF88011.1,0.090291
BAF88012.1,0.083426
BAF88013.1,0.078404
BAF88014.1,0.067382
BAF88015.1,0.063938
BAF88016.1,0.068553
BAF88017.1,0.094025
BAF88018.1,0.050162
BAF88019.1,0.074172
BAF88020.1,0.101416
BAF88021.1,0.090445
BAF88022.1,0.073378
BAF88023.1,0.145564
BAF88024.1,0.060511
BAF88025.1,0.060547
BAF88026.1,0.087091
BAF88027.1,0.073838
BAF88028.1,0.087737
BAF88029.1,0.059917
BAF88030.1,0.092756
BAF88031.1,0.107310
BAF88032.1,0.036965
BAF88033.1,0.062101
BAF88034.1,0.057362
BAF88035.1,0.090277
BAF88036.1,0.065695
BAF88037.1,0.050568
BAF88038.1,0.105736
BAF88039.1,0.085408
BAF88040.1,0.074590
BAF88041.1,0.093231
BAF88042.1,0.076041
BAF88043.1,0.093763
BAF88044.1,0.077573
BAF88045.1,0.079627
BAF88046.1,0.062941
BAF88047.1,0.070735
BAF88048.1,0.067975
BAF88049.1,0.060918
BAF88050.1,0.086917
BAF88051.1,0.080232
BAF88052.1,0.079846
BAF88053.1,0.064295
BAF88054.1,0.088278
BAF88055.1,0.087023
BAF88056.1,0.102758
BAF88057.1,0.093727
BAF88058.1,0.199651
BAF88059.1,0.102879
BAF88060.1,0.061859
BAF88061.1,0.074456
BAF88062.1,0.061162
BAF88063.1,0.054010
BAF88064.1,0.047990
BAF88065.1,0.112705
BAF88066.1,0.091087
BAF88067.1,0.086935
BAF88068.1,0.100751
BAF88069.1,0.094222
BAF88070.1,0.108221
BAF88071.1,0.091750
BAF88072.1,0.054630
BAF88073.1,0.083903
BAF88074.1,0.060906
BAF88075.1,0.053425
BAF88076.1,0.099923
BAF88077.1,0.074344
BAF88078.1,0.051575
BAF88079.1,0.066424
BAF88080.1,0.101435
BAF88081.1,0.126181
BAF88082.1,0.132063
BAF88083.1,0.132163
BAF88084.1,0.136113
BAF88085.1,0.073393
BAF88086.1,0.075133
BAF88087.1,0.085216
BAF88088.1,0.078955
BAF88089.1,0.121725
BAF88090.1,0.082336
BAF88091.1,0.079090
BAF88092.1,0.074126
BAF88093.1,0.086438
BAF88094.1,0.090332
BAF88095.1,0.059123
BAF88096.1,0.062760
BAF88097.1,0.109450
BAF88098.1,0.121774
BAF88099.1,0.179756
BAF88100.1,0.091563
BAF88101.1,0.095647
BAF88102.1,0.106812
BAF88103.1,0.072094
BAF88104.1,0.076598
BAF88105.1,0.076672
BAF88106.1,0.083290
BAF88107.1,0.072921
BAF88108.1,0.097167
BAF88109.1,0.068609
BAF88110.1,0.100522
BAF88111.1,0.084383
BAF88112.1,0.064943
BAF88113.1,0.066409
BAF88114.1,0.054847
BAF88115.1,0.076867
BAF88116.1,0.074872
BAF88117.1,0.052434
BAF88118.1,0.081779
BAF88119.1,0.088610
BAF88120.1,0.129313
BAF88121.1,0.097339
BAF88122.1,0.116973
BAF88123.1,0.102637
BAF88124.1,0.170521
BAF88125.1,0.125673
BAF88126.1,0.079170
BAF88127.1,0.084718
BAF88128.1,0.112837
BAF88129.1,0.142930
BAF88130.1,0.144583
BAF88131.1,0.076390
BAF88132.1,0.149726
BAF88133.1,0.119576
BAF88134.1,0.119890
BAF88135.1,0.089987
BAF88136.1,0.126145
BAF88137.1,0.125993
BAF88138.1,0.145431
BAF88139.1,0.123540
BAF88140.1,0.067816
BAF88141.1,0.077324
BAF88142.1,0.087720
BAF88143.1,0.180504
BAF88144.1,0.201406
BAF88145.1,0.121316
BAF88146.1,0.159235
BAF88147.1,0.063105
BAF88148.1,0.177898
BAF88149.1,0.106871
BAF88150.1,0.116207
BAF88151.1,0.095867
BAF88152.1,0.110066
BAF88153.1,0.148290
BAF88154.1,0.110240
BAF88155.1,0.101660
BAF88156.1,0.129895
BAF88157.1,0.082732
BAF88158.1,0.088128
BAF88159.1,0.095195
BAF88160.1,0.079607
BAF88161.1,0.110367
BAF88162.1,0.116626
BAF88163.1,0.088821
BAF88164.1,0.135842
BAF88165.1,0.094130
BAF88166.1,0.129321
BAF88167.1,0.077816
BAF88168.1,0.150380
BAF88169.1,0.074127
BAF88170.1,0.058093
BAF88171.1,0.122227
BAF88172.1,0.099230
BAF88173.1,0.051981
BAF88174.1,0.065596
BAF88175.1,0.076902
BAF88176.1,0.061146
BAF88177.1,0.066236
BAF88178.1,0.047862
BAF88179.1,0.068622
BAF88180.1,0.139245
BAF88181.1,0.100191
BAF88182.1,0.066491
BAF88183.1,0.162724
BAF88184.1,0.116083
BAF88185.1,0.062083
BAF88186.1,0.095736
BAF88187.1,0.070106
BAF88188.1,0.098136
BAF88189.1,0.104280
BAF88190.1,0.066080
BAF88191.1,0.126491
BAF88192.1,0.042787
BAF88193.1,0.158084
BAF88194.1,0.112203
BAF88195.1,0.072389
BAF88196.1,0.094435
BAF88197.1,0.053218
BAF88198.1,0.072837
BAF88199.1,0.077414
BAF88200.1,0.074829
BAF88201.1,0.112260
BAF88202.1,0.117871
BAF88203.1,0.081597
BAF88204.1,0.084340
BAF88205.1,0.087223
BAF88206.1,0.060758
BAF88207.1,0.069654
BAF88208.1,0.093866
BAF88209.1,0.078431
BAF88210.1,0.069058
BAF88211.1,0.077978
BAF88212.1,0.085843
BAF88213.1,0.081590
BAF88214.1,0.095288
BAF88215.1,0.161839
BAF88216.1,0.100983
BAF88217.1,0.111634
BAF88218.1,0.046611
BAF88219.1,0.052019
BAF88220.1,0.096076
BAF88221.1,0.056634
BAF88222.1,0.103042
BAF88223.1,0.064510
BAF88224.1,0.146596
BAF88225.1,0.138728
BAF88226.1,0.112917
BAF88227.1,0.125654
BAF88228.1,0.080278
BAF88229.1,0.052873
BAF88230.1,0.101616
BAF88231.1,0.061316
BAF88232.1,0.131324
BAF88233.1,0.162204
BAF88234.1,0.115996
BAF88235.1,0.076885
BAF88236.1,0.087062
BAF88237.1,0.062182
BAF88238.1,0.053755
BAF88239.1,0.072787
BAF88240.1,0.063088
BAF88241.1,0.061653
BAF88242.1,0.078245
BAF88243.1,0.061960
BAF88244.1,0.126977
BAF88245.1,0.126815
BAF88246.1,0.085373
BAF88247.1,0.089617
BAF88248.1,0.147348
BAF88249.1,0.090712
BAF88250.1,0.083162
BAF88251.1,0.070827
BAF88252.1,0.080909
BAF88253.1,0.057105
BAF88254.1,0.096803
BAF88255.1,0.104765
BAF88256.1,0.067646
BAF88257.1,0.079574
BAF88258.1,0.056529
BAF88259.1,0.071557
BAF88260.1,0.060773
BAF88261.1,0.122093
BAF88262.1,0.081145
BAF88263.1,0.067185
BAF88264.1,0.083914
BAF88265.1,0.076815
BAF88266.1,0.057568
BAF88267.1,0.097902
BAF88268.1,0.095520
BAF88269.1,0.084652
BAF88270.1,0.066778
BAF88271.1,0.063845
BAF88272.1,0.100595
BAF88273.1,0.085516
BAF88274.1,0.087550
BAF88275.1,0.063442
BAF88276.1,0.074539
BAF88277.1,0.112714
BAF88278.1,0.080668
BAF88279.1,0.089088
BAF88280.1,0.146541
BAF88281.1,0.089343
BAF88282.1,0.086847
BAF88283.1,0.119499
BAF88284.1,0.082431
BAF88285.1,0.197993
BAF88286.1,0.091783
BAF88287.1,0.064183
BAF88288.1,0.044965
BAF88289.1,0.135549
BAF88290.1,0.102380
BAF88291.1,0.100097
BAF88292.1,0.083478
BAF88293.1,0.058394
BAF88294.1,0.130778
BAF88295.1,0.091044
BAF88296.1,0.090189
BAF88297.1,0.086286
BAF88298.1,0.062230
BAF88299.1,0.097526
BAF88300.1,0.078720
BAF88301.1,0.074544
BAF88302.1,0.087484
BAF88303.1,0.131123
BAF88304.1,0.065562
BAF88305.1,0.062578
BAF88306.1,0.054057
BAF88307.1,0.098140
BAF88308.1,0.143425
BAF88309.1,0.149727
BAF88310.1,0.115831
BAF88311.1,0.101476
BAF88312.1,0.076584
BAF88313.1,0.069745
BAF88314.1,0.131853
BAF88315.1,0.074722
BAF88316.1,0.117017
BAF88317.1,0.080984
BAF88318.1,0.090438
BAF88319.1,0.077072
BAF88320.1,0.074398
BAF88321.1,0.086998
BAF88322.1,0.111422
BAF88323.1,0.095245
BAF88324.1,0.087104
BAF88325.1,0.098054
BAF88326.1,0.052704
BAF88327.1,0.089704
BAF88328.1,0.063975
BAF88329.1,0.118763
BAF88330.1,0.066842
BAF88331.1,0.066669
BAF88332.1,0.081693
BAF88333.1,0.070087
BAF88334.1,0.066388
BAF88335.1,0.073050
BAF88336.1,0.063061
BAF88337.1,0.113365
BAF88338.1,0.110833
BAF88339.1,0.096862
BAF88340.1,0.057666
BAF88341.1,0.086986
BAF88342.1,0.096825
BAF88343.1,0.057686
BAF88344.1,0.084073
BAF88345.1,0.055658
BAF88346.1,0.062105
BAF88347.1,0.055572
BAF88348.1,0.083009
BAF88349.1,0.077786
BAF88350.1,0.087443
BAF88351.1,0.065794
BAF88352.1,0.068361
BAF88353.1,0.068472
BAF88354.1,0.062024
BAF88355.1,0.111866
BAF88356.1,0.092752
BAF88357.1,0.060622
BAF88358.1,0.079149
BAF88359.1,0.082587
BAF88360.1,0.077864
BAF88361.1,0.048820
BAF88362.1,0.130362
BAF88363.1,0.140542
BAF88364.1,0.080486
BAF88365.1,0.102920
BAF88366.1,0.083177
BAF88367.1,0.090272
BAF88368.1,0.062888
BAF88369.1,0.088640
BAF88370.1,0.113238
BAF88371.1,0.126818
BAF88372.1,0.090767
BAF88373.1,0.107243
BAF88374.1,0.082804
BAF88375.1,0.131581
BAF88376.1,0.077050
BAF88377.1,0.080951
BAF88378.1,0.174936
BAF88379.1,0.066555
BAF88380.1,0.075319
BAF88381.1,0.108449
BAF88382.1,0.151057
BAF88383.1,0.084215
BAF88384.1,0.055196
BAF88385.1,0.073750
BAF88386.1,0.104574
BAF88387.1,0.078094
BAF88388.1,0.132858
BAF88389.1,0.092917
BAF88390.1,0.051551
BAF88391.1,0.075226
BAF88392.1,0.070409
BAF88393.1,0.134671
BAF88394.1,0.078425
BAF88395.1,0.127173
BAF88396.1,0.083590
BAF88397.1,0.075297
BAF88398.1,0.104482
BAF88399.1,0.085273
BAF88400.1,0.080914
BAF88401.1,0.179534
BAF88402.1,0.110618
BAF88403.1,0.075061
BAF88404.1,0.059460
BAF88405.1,0.081143
BAF88406.1,0.081900
BAF88407.1,0.059125
BAF88408.1,0.104736
BAF88409.1,0.062850
BAF88410.1,0.065024
BAF88411.1,0.113455
BAF88412.1,0.076539
BAF88413.1,0.055533
BAF88414.1,0.087514
BAF88415.1,0.088340
BAF88416.1,0.092140
BAF88417.1,0.128366
BAF88418.1,0.065380
BAF88419.1,0.069807
BAF88420.1,0.111742
BAF88421.1,0.082645
BAF88422.1,0.051292
BAF88423.1,0.076198
BAF88424.1,0.069505
BAF88425.1,0.116188
BAF88426.1,0.124893
BAF88427.1,0.079847
BAF88428.1,0.065694
BAF88429.1,0.051611
BAF88430.1,0.080775
BAF88431.1,0.112453
BAF88432.1,0.076852
BAF88433.1,0.078645
BAF88434.1,0.051675
BAF88435.1,0.066594
BAF88436.1,0.077258
BAF88437.1,0.050874
BAF88438.1,0.076831
BAF88439.1,0.084544
BAF88440.1,0.078923
BAF88441.1,0.078708
BAF88442.1,0.063263
BAF88443.1,0.087080
BAF88444.1,0.081201
BAF88445.1,0.083050
BAF88446.1,0.086207
BAF88447.1,0.081102
BAF88448.1,0.044152
BAF88449.1,0.090924
BAF88450.1,0.080675
BAF88451.1,0.086637
BAF88452.1,0.095624
BAF88453.1,0.082772
BAF88454.1,0.060254
BAF88455.1,0.060067
BAF88456.1,0.073600
BAF88457.1,0.082817
BAF88458.1,0.060823
BAF88459.1,0.081260
BAF88460.1,0.083218
BAF88461.1,0.102878
BAF88462.1,0.078649
BAF88463.1,0.070425
BAF88464.1,0.065590
BAF88465.1,0.054907
BAF88466.1,0.088764
BAF88467.1,0.086621
BAF88468.1,0.095427
BAF88469.1,0.065966
BAF88470.1,0.081368
BAF88471.1,0.124842
BAF88472.1,0.059270
BAF88473.1,0.077004
BAF88474.1,0.066165
BAF88475.1,0.065660
BAF88476.1,0.051403
BAF88477.1,0.054023
BAF88478.1,0.077244
BAF88479.1,0.058986
BAF88480.1,0.098315
BAF88481.1,0.077139
BAF88482.1,0.076303
BAF88483.1,0.073651
BAF88484.1,0.070792
BAF88485.1,0.103867
BAF88486.1,0.071289
BAF88487.1,0.058104
BAF88488.1,0.107759
BAF88489.1,0.104131
BAF88490.1,0.087054
BAF88491.1,0.091541
BAF88492.1,0.104311
BAF88493.1,0.088026
BAF88494.1,0.097535
BAF88495.1,0.075391
BAF88496.1,0.058113
BAF88497.1,0.080945
BAF88498.1,0.068124
BAF88499.1,0.112628
BAF88500.1,0.083201
BAF88501.1,0.070241
BAF88502.1,0.074620
BAF88503.1,0.072989
BAF88504.1,0.078000
BAF88505.1,0.086608
BAF88506.1,0.077755
BAF88507.1,0.075801
BAF88508.1,0.058467
BAF88509.1,0.063490
BAF88510.1,0.072721
BAF88511.1,0.055048
BAF88512.1,0.064779
BAF88513.1,0.061946
BAF88514.1,0.076569
BAF88515.1,0.072790
BAF88516.1,0.117177
BAF88517.1,0.110305
BAF88518.1,0.102718
BAF88519.1,0.106325
BAF88520.1,0.062724
BAF88521.1,0.094100
BAF88522.1,0.048657
BAF88523.1,0.098355
BAF88524.1,0.158555
BAF88525.1,0.050145
BAF88526.1,0.077601
BAF88527.1,0.141570
BAF88528.1,0.112039
BAF88529.1,0.116678
BAF88530.1,0.091253
BAF88531.1,0.111787
BAF88532.1,0.092439
BAF88533.1,0.122761
BAF88534.1,0.131342
BAF88535.1,0.137939
BAF88536.1,0.155347
BAF88537.1,0.125917
BAF88538.1,0.115146
BAF88539.1,0.154491
BAF88540.1,0.110156
BAF88541.1,0.149202
BAF88542.1,0.153911
BAF88543.1,0.181849
BAF88544.1,0.182051
BAF88545.1,0.135067
BAF88546.1,0.094389
BAF88547.1,0.155886
BAF88548.1,0.186392
BAF88549.1,0.094114
BAF88550.1,0.175685
BAF88551.1,0.112539
BAF88552.1,0.109447
BAF88553.1,0.170340
BAF88554.1,0.117428
BAF88555.1,0.095690
BAF88556.1,0.152701
BAF88557.1,0.165949
BAF88558.1,0.081717
BAF88559.1,0.091984
BAF88560.1,0.095687
BAF88561.1,0.111501
BAF88562.1,0.066204
BAF88563.1,0.091770
BAF88564.1,0.064947
BAF88565.1,0.136962
BAF88566.1,0.090262
BAF88567.1,0.063416
BAF88568.1,0.081583
BAF88569.1,0.145550
BAF88570.1,0.095359
BAF88571.1,0.060647
BAF88572.1,0.061171
BAF88573.1,0.081317
BAF88574.1,0.094318
BAF88575.1,0.093319
BAF88576.1,0.080808
BAF88577.1,0.092917
BAF88578.1,0.078430
BAF88579.1,0.066140
BAF88580.1,0.066630
BAF88581.1,0.088023
BAF88582.1,0.105862
BAF88583.1,0.103075
BAF88584.1,0.075936
BAF88585.1,0.045774
BAF88586.1,0.089451
BAF88587.1,0.136644
BAF88588.1,0.124711
BAF88589.1,0.137411
BAF88590.1,0.077464
BAF88591.1,0.139364
BAF88592.1,0.096603
BAF88593.1,0.061266
BAF88594.1,0.075322
BAF88595.1,0.039476
BAF88596.1,0.087002
BAF88597.1,0.135720
BAF88598.1,0.086262
BAF88599.1,0.048777
BAF88600.1,0.090049
BAF88601.1,0.139339
BAF88602.1,0.053418
BAF88603.1,0.083163
BAF88604.1,0.045952
BAF88605.1,0.064649
BAF88606.1,0.109758
BAF88607.1,0.089573
BAF88608.1,0.081754
BAF88609.1,0.067021
BAF88610.1,0.127865
BAF88611.1,0.068075
BAF88612.1,0.066654
BAF88613.1,0.062148
BAF88614.1,0.106783
BAF88615.1,0.092623
BAF88616.1,0.106250
BAF88617.1,0.096078
BAF88618.1,0.197638
BAF88619.1,0.055426
BAF88620.1,0.077742
BAF88621.1,0.045251
BAF88622.1,0.056312
BAF88623.1,0.083200
BAF88624.1,0.072521
BAF88625.1,0.075389
BAF88626.1,0.084415
BAF88627.1,0.070803
BAF88628.1,0.065993
BAF88629.1,0.065946
BAF88630.1,0.063296
BAF88631.1,0.051258
BAF88632.1,0.051555
BAF88633.1,0.089526
BAF88634.1,0.045073
BAF88635.1,0.062603
BAF88636.1,0.054047
BAF88637.1,0.087113
BAF88638.1,0.084086
BAF88639.1,0.076943
BAF88640.1,0.073717
BAF88641.1,0.065272
BAF88642.1,0.066508
BAF88643.1,0.067565
BAF88644.1,0.091672
BAF88645.1,0.073766
BAF88646.1,0.049470
BAF88647.1,0.064281
BAF88648.1,0.093292
BAF88649.1,0.092015
BAF88650.1,0.082519
BAF88651.1,0.097476
BAF88652.1,0.095796
BAF88653.1,0.044869
BAF88654.1,0.090847
BAF88655.1,0.075452
BAF88656.1,0.061827
BAF88657.1,0.070082
BAF88658.1,0.060450
BAF88659.1,0.091219
BAF88660.1,0.095550
BAF88661.1,0.073491
BAF88662.1,0.077670
BAF88663.1,0.052971
BAF88664.1,0.085673
BAF88665.1,0.052409
BAF88666.1,0.082118
BAF88667.1,0.086710
BAF88668.1,0.084440
BAF88669.1,0.076527
BAF88670.1,0.083300
BAF88671.1,0.069850
BAF88672.1,0.058470
BAF88673.1,0.072639
BAF88674.1,0.119144
BAF88675.1,0.165109
BAF88676.1,0.091940
BAF88677.1,0.069486
BAF88678.1,0.090953
BAF88679.1,0.094942
BAF88680.1,0.105723
BAF88681.1,0.078476
BAF88682.1,0.058158
BAF88683.1,0.061096
BAF88684.1,0.080494
BAF88685.1,0.064945
BAF88686.1,0.105174
BAF88687.1,0.079750
BAF88688.1,0.080635
BAF88689.1,0.053989
BAF88690.1,0.065371
BAF88691.1,0.070032
BAF88692.1,0.069303
BAF88693.1,0.105670
BAF88694.1,0.093635
BAF88695.1,0.077879
BAF88696.1,0.071198
BAF88697.1,0.135158
BAF88698.1,0.074480
BAF88699.1,0.090276
BAF88700.1,0.072797
BAF88701.1,0.070255
BAF88702.1,0.078384
BAF88703.1,0.079505
BAF88704.1,0.067435
BAF88705.1,0.065170
BAF88706.1,0.060481
BAF88707.1,0.055288
BAF88708.1,0.053835
BAF88709.1,0.072626
BAF88710.1,0.076276
BAF88711.1,0.041383
BAF88712.1,0.088066
BAF88713.1,0.082464
BAF88714.1,0.075640
BAF88715.1,0.067676
BAF88716.1,0.074475
BAF88717.1,0.064459
BAF88718.1,0.069776
BAF88719.1,0.070372
BAF88720.1,0.095254
BAF88721.1,0.065958
BAF88722.1,0.067417
BAF88723.1,0.080726
BAF88724.1,0.078092
BAF88725.1,0.063100
BAF88726.1,0.088487
BAF88727.1,0.113386
BAF88728.1,0.059764
BAF88729.1,0.083974
BAF88730.1,0.069077
BAF88731.1,0.089431
BAF88732.1,0.080962
BAF88733.1,0.053946
BAF88734.1,0.072254
BAF88735.1,0.036155
BAF88736.1,0.078730
BAF88737.1,0.047863
BAF88738.1,0.062888
BAF88739.1,0.091164
BAF88740.1,0.053404
BAF88741.1,0.073801
BAF88742.1,0.080124
BAF88743.1,0.058258
BAF88744.1,0.084729
BAF88745.1,0.068746
BAF88746.1,0.110239
BAF88747.1,0.060700
BAF88748.1,0.048069
BAF88749.1,0.058186
BAF88750.1,0.101309
BAF88751.1,0.075717
BAF88752.1,0.073382
BAF88753.1,0.155913
BAF88754.1,0.076505
BAF88755.1,0.054497
BAF88756.1,0.058289
BAF88757.1,0.073730
BAF88758.1,0.118964
BAF88759.1,0.036505
BAF88760.1,0.085917
BAF88761.1,0.088173
BAF88762.1,0.075248
BAF88763.1,0.052117
BAF88764.1,0.059644
BAF88765.1,0.110907
BAF88766.1,0.072440
BAF88767.1,0.081520
BAF88768.1,0.104081
BAF88769.1,0.055855
BAF88770.1,0.060439
BAF88771.1,0.113056
BAF88772.1,0.086130
BAF88773.1,0.070186
BAF88774.1,0.079600
BAF88775.1,0.076822
BAF88776.1,0.062117
BAF88777.1,0.064419
BAF88778.1,0.068308
BAF88779.1,0.105651
BAF88780.1,0.066283
BAF88781.1,0.079324
BAF88782.1,0.049015
BAF88783.1,0.083631
BAF88784.1,0.098726
BAF88785.1,0.090114
BAF88786.1,0.053696
BAF88787.1,0.073648
BAF88788.1,0.081536
BAF88789.1,0.080796
BAF88790.1,0.076281
BAF88791.1,0.069315
BAF88792.1,0.076992
BAF88793.1,0.064072
BAF88794.1,0.101192
BAF88795.1,0.104042
BAF88796.1,0.056472
BAF88797.1,0.063588
BAF88798.1,0.091089
BAF88799.1,0.061347
BAF88800.1,0.102065
BAF88801.1,0.093917
BAF88802.1,0.082100
BAF88803.1,0.094178
BAF88804.1,0.051931
BAF88805.1,0.059474
BAF88806.1,0.083705
BAF88807.1,0.176355
BAF88808.1,0.073282
BAF88809.1,0.097022
BAF88810.1,0.046443
BAF88811.1,0.083428
BAF88812.1,0.071241
BAF88813.1,0.048401
BAF88814.1,0.149694
BAF88815.1,0.085061
BAF88816.1,0.076760
BAF88817.1,0.107078
BAF88818.1,0.067327
BAF88819.1,0.099280
BAF88820.1,0.057449
BAF88821.1,0.098011
BAF88822.1,0.076353
BAF88823.1,0.057834
BAF88824.1,0.080178
BAF88825.1,0.093841
BAF88826.1,0.066507
BAF88827.1,0.117961
BAF88828.1,0.084829
BAF88829.1,0.148848
BAF88830.1,0.075260
BAF88831.1,0.054685
BAF88832.1,0.067350
BAF88833.1,0.074785
BAF88834.1,0.077554
BAF88835.1,0.085060
BAF88836.1,0.124456
BAF88837.1,0.097715
BAF88838.1,0.105710
BAF88839.1,0.111378
BAF88840.1,0.057564
BAF88841.1,0.135870
BAF88842.1,0.061151
BAF88843.1,0.133312
BAF88844.1,0.058078
BAF88845.1,0.063488
BAF88846.1,0.121165
BAF88847.1,0.093107
BAF88848.1,0.079413
BAF88849.1,0.069331
BAF88850.1,0.163227
BAF88851.1,0.079016
BAF88852.1,0.058797
BAF88853.1,0.092582
BAF88854.1,0.080592
BAF88855.1,0.060560
BAF88856.1,0.077614
BAF88857.1,0.072535
BAF88858.1,0.075402
BAF88859.1,0.072496
BAF88860.1,0.077045
BAF88861.1,0.091322
BAF88862.1,0.074248
BAF88863.1,0.082325
BAF88864.1,0.100683
BAF88865.1,0.078118
BAF88866.1,0.066323
BAF88867.1,0.093240
BAF88868.1,0.096326
BAF88869.1,0.107227
BAF88870.1,0.091260
BAF88871.1,0.077556
BAF88872.1,0.062661
BAF88873.1,0.060737
BAF88874.1,0.056752
BAF88875.1,0.092863
BAF88876.1,0.067977
BAF88877.1,0.074163
BAF88878.1,0.062128
BAF88879.1,0.095147
BAF88880.1,0.087858
BAF88881.1,0.069129
BAF88882.1,0.070218
BAF88883.1,0.087314
BAF88884.1,0.109616
BAF88885.1,0.047242
BAF88886.1,0.178765
BAF88887.1,0.041518
BAF88888.1,0.074869
BAF88889.1,0.097346
BAF88890.1,0.131756
BAF88891.1,0.082161
BAF88892.1,0.082069
BAF88893.1,0.107456
BAF88894.1,0.110260
BAF88895.1,0.178666
BAF88896.1,0.063384
BAF88897.1,0.075841
BAF88898.1,0.049604
BAF88899.1,0.086806
BAF88900.1,0.094669
BAF88901.1,0.069150
BAF88902.1,0.067605
BAF88903.1,0.098422
BAF88904.1,0.062152
BAF88905.1,0.101052
BAF88906.1,0.083875
BAF88907.1,0.083006
BAF88908.1,0.060350
BAF88909.1,0.061620
BAF88910.1,0.098955
BAF88911.1,0.076095
BAF88912.1,0.046510
BAF88913.1,0.132416
BAF88914.1,0.092345
BAF88915.1,0.152461
BAF88916.1,0.133244
BAF88917.1,0.276668
BAF88918.1,0.191529
BAF88919.1,0.120679
BAF88920.1,0.059388
BAF88921.1,0.053440
BAF88922.1,0.058207
BAF88923.1,0.209242
BAF88924.1,0.101200
BAF88925.1,0.090179
BAF88926.1,0.078928
BAF88927.1,0.124914
BAF88928.1,0.122834
BAF88929.1,0.115214
BAF88930.1,0.094222
BAF88931.1,0.088129
BAF88932.1,0.073772
BAF88933.1,0.079970
BAF88934.1,0.075748
BAF88935.1,0.056613
BAF88936.1,0.054614
BAF88937.1,0.106772
BAF88938.1,0.091199
BAF88939.1,0.133330
BAF88940.1,0.090588
BAF88941.1,0.072301
BAF88942.1,0.069885
BAF88943.1,0.072792
BAF88944.1,0.103116
BAF88945.1,0.089533
BAF88946.1,0.073391
BAF88947.1,0.084394
BAF88948.1,0.113751
BAF88949.1,0.111010
BAF88950.1,0.082691
BAF88951.1,0.096801
BAF88952.1,0.115706
BAF88953.1,0.110727
BAF88954.1,0.082984
BAF88955.1,0.144526
BAF88956.1,0.083283
BAF88957.1,0.090109
BAF88958.1,0.086585
BAF88959.1,0.095690
BAF88960.1,0.060047
BAF88961.1,0.078640
BAF88962.1,0.094940
BAF88963.1,0.099813
BAF88964.1,0.050654
BAF88965.1,0.057460
BAF88966.1,0.059551
BAF88967.1,0.046497
BAF88968.1,0.070680
BAF88969.1,0.104702
BAF88970.1,0.061723
BAF88971.1,0.044344
BAF88972.1,0.072488
BAF88973.1,0.137132
BAF88974.1,0.113616
BAF88975.1,0.092330
BAF88976.1,0.062777
BAF88977.1,0.100075
BAF88978.1,0.068446
BAF88979.1,0.070822
BAF88980.1,0.201911
BAF88981.1,0.063133
BAF88982.1,0.069362
BAF88983.1,0.095211
BAF88984.1,0.090004
BAF88985.1,0.118013
BAF88986.1,0.081077
BAF88987.1,0.052384
BAF88988.1,0.101847
BAF88989.1,0.084697
BAF88990.1,0.083515
BAF88991.1,0.092517
BAF88992.1,0.065867
BAF88993.1,0.067776
BAF88994.1,0.063982
BAF88995.1,0.058808
BAF88996.1,0.070076
BAF88997.1,0.072474
BAF88998.1,0.074291
BAF88999.1,0.071530
BAF89000.1,0.088191
BAF89001.1,0.072539
BAF89002.1,0.085690
BAF89003.1,0.077327
BAF89004.1,0.075524
BAF89005.1,0.059615
BAF89006.1,0.062326
BAF89007.1,0.073685
BAF89008.1,0.075216
BAF89009.1,0.126346
BAF89010.1,0.055543
BAF89011.1,0.067086
BAF89012.1,0.095266
BAF89013.1,0.132490
BAF89014.1,0.088372
BAF89015.1,0.127272
BAF89016.1,0.064252
BAF89017.1,0.043312
BAF89018.1,0.091569
BAF89019.1,0.095151
BAF89020.1,0.105434
BAF89021.1,0.089913
BAF89022.1,0.081248
BAF89023.1,0.059539
BAF89024.1,0.089711
BAF89025.1,0.075837
BAF89026.1,0.054643
BAF89027.1,0.062922
BAF89028.1,0.131680
BAF89029.1,0.118126
BAF89030.1,0.097345
BAF89031.1,0.093460
BAF89032.1,0.120070
BAF89033.1,0.112423
BAF89034.1,0.071406
BAF89035.1,0.051874
BAF89036.1,0.070805
BAF89037.1,0.057494
BAF89038.1,0.072594
BAF89039.1,0.060986
BAF89040.1,0.079638
BAF89041.1,0.079736
BAF89042.1,0.090304
BAF89043.1,0.064397
BAF89044.1,0.141218
BAF89045.1,0.095612
BAF89046.1,0.068535
BAF89047.1,0.060763
BAF89048.1,0.058689
BAF89049.1,0.055270
BAF89050.1,0.118220
BAF89051.1,0.148785
BAF89052.1,0.086503
BAF89053.1,0.082562
BAF89054.1,0.087338
BAF89055.1,0.057764
BAF89056.1,0.111012
BAF89057.1,0.053248
BAF89058.1,0.142211
BAF89059.1,0.081980
BAF89060.1,0.100195
BAF89061.1,0.091711
BAF89062.1,0.086159
BAF89063.1,0.077485
BAF89064.1,0.067584
BAF89065.1,0.063256
BAF89066.1,0.144582
BAF89067.1,0.056132
BAF89068.1,0.060200
BAF89069.1,0.076458
BAF89070.1,0.104483
BAF89071.1,0.101228
BAF89072.1,0.105587
BAF89073.1,0.058429
BAF89074.1,0.065128
BAF89075.1,0.068122
BAF89076.1,0.073639
BAF89077.1,0.077208
BAF89078.1,0.168930
BAF89079.1,0.099159
BAF89080.1,0.084907
BAF89081.1,0.060707
BAF89082.1,0.058259
BAF89083.1,0.063333
BAF89084.1,0.065983
BAF89085.1,0.079163
BAF89086.1,0.076757
BAF89087.1,0.085903
BAF89088.1,0.113244
BAF89089.1,0.048762
BAF89090.1,0.101321
BAF89091.1,0.076126
BAF89092.1,0.154098
BAF89093.1,0.095806
BAF89094.1,0.076898
BAF89095.1,0.065524
BAF89096.1,0.060098
BAF89097.1,0.099786
BAF89098.1,0.143867
BAF89099.1,0.097242
BAF89100.1,0.063095
BAF89101.1,0.055495
BAF89102.1,0.074727
BAF89103.1,0.058486
BAF89104.1,0.070227
BAF89105.1,0.095683
BAF89106.1,0.085039
BAF89107.1,0.116966
BAF89108.1,0.128086
BAF89109.1,0.043871
BAF89110.1,0.062195
BAF89111.1,0.046926
BAF89112.1,0.069572
BAF89113.1,0.090576
BAF89114.1,0.138199
BAF89115.1,0.069367
BAF89116.1,0.075241
BAF89117.1,0.065080
BAF89118.1,0.033025
BAF89119.1,0.074288
BAF89120.1,0.056188
BAF89121.1,0.082193
BAF89122.1,0.085786
BAF89123.1,0.135112
BAF89124.1,0.047522
BAF89125.1,0.045202
BAF89126.1,0.121938
BAF89127.1,0.146006
BAF89128.1,0.123256
BAF89129.1,0.085277
BAF89130.1,0.074136
BAF89131.1,0.103152
BAF89132.1,0.137547
BAF89133.1,0.108540
BAF89134.1,0.078017
BAF89135.1,0.104114
BAF89136.1,0.079121
BAF89137.1,0.072409
BAF89138.1,0.087956
BAF89139.1,0.136775
BAF89140.1,0.054007
BAF89141.1,0.075033
BAF89142.1,0.143883
BAF89143.1,0.105761
BAF89144.1,0.058980
BAF89145.1,0.089251
BAF89146.1,0.092648
BAF89147.1,0.076565
BAF89148.1,0.106062
BAF89149.1,0.095284
BAF89150.1,0.152585
BAF89151.1,0.070243
BAF89152.1,0.112611
BAF89153.1,0.079463
BAF89154.1,0.149985
BAF89155.1,0.071834
BAF89156.1,0.061111
BAF89157.1,0.082218
BAF89158.1,0.055911
BAF89159.1,0.075806
BAF89160.1,0.116626
BAF89161.1,0.061096
BAF89162.1,0.086115
BAF89163.1,0.054434
BAF89164.1,0.081351
BAF89165.1,0.067878
BAF89166.1,0.084239
BAF89167.1,0.083408
BAF89168.1,0.073156
BAF89169.1,0.061144
BAF89170.1,0.044295
BAF89171.1,0.096471
BAF89172.1,0.083823
BAF89173.1,0.056638
BAF89174.1,0.077102
BAF89175.1,0.076106
BAF89176.1,0.047174
BAF89177.1,0.085221
BAF89178.1,0.049510
BAF89179.1,0.058342
BAF89180.1,0.082146
BAF89181.1,0.121769
BAF89182.1,0.056856
BAF89183.1,0.115744
BAF89184.1,0.089627
BAF89185.1,0.072334
BAF89186.1,0.086193
BAF89187.1,0.110009
BAF89188.1,0.044947
BAF89189.1,0.073387
BAF89190.1,0.093499
BAF89191.1,0.065643
BAF89192.1,0.068165
BAF89193.1,0.077814
BAF89194.1,0.077651
BAF89195.1,0.085617
BAF89196.1,0.088352
BAF89197.1,0.075023
BAF89198.1,0.081396
BAF89199.1,0.089949
BAF89200.1,0.081157
BAF89201.1,0.091572
BAF89202.1,0.073630
BAF89203.1,0.077337
BAF89204.1,0.067661
BAF89205.1,0.065181
BAF89206.1,0.085680
BAF89207.1,0.114860
BAF89208.1,0.077889
BAF89209.1,0.079234
BAF89210.1,0.072399
BAF89211.1,0.051266
BAF89212.1,0.065303
BAF89213.1,0.075360
BAF89214.1,0.065678
BAF89215.1,0.061641
BAF89216.1,0.080087
BAF89217.1,0.077810
BAF89218.1,0.070285
BAF89219.1,0.062565
BAF89220.1,0.060395
BAF89221.1,0.076200
BAF89222.1,0.083836
BAF89223.1,0.080964
BAF89224.1,0.077031
BAF89225.1,0.057838
BAF89226.1,0.139966
BAF89227.1,0.113899
BAF89228.1,0.063145
BAF89229.1,0.098207
BAF89230.1,0.089470
BAF89231.1,0.114084
BAF89232.1,0.080945
BAF89233.1,0.068541
BAF89234.1,0.188103
BAF89235.1,0.081772
BAF89236.1,0.090785
BAF89237.1,0.075925
BAF89238.1,0.094265
BAF89239.1,0.096454
BAF89240.1,0.078687
BAF89241.1,0.077294
BAF89242.1,0.075901
BAF89243.1,0.063427
BAF89244.1,0.044994
BAF89245.1,0.065078
BAF89246.1,0.082615
BAF89247.1,0.084154
BAF89248.1,0.062510
BAF89249.1,0.111454
BAF89250.1,0.107746
BAF89251.1,0.099963
BAF89252.1,0.124902
BAF89253.1,0.150825
BAF89254.1,0.125942
BAF89255.1,0.135624
BAF89256.1,0.155726
BAF89257.1,0.085380
BAF89258.1,0.164226
BAF89259.1,0.100998
BAF89260.1,0.094395
BAF89261.1,0.167710
BAF89262.1,0.069539
BAF89263.1,0.135069
BAF89264.1,0.081528
BAF89265.1,0.146699
BAF89266.1,0.052182
BAF89267.1,0.127588
BAF89268.1,0.063079
BAF89269.1,0.062572
BAF89270.1,0.073849
BAF89271.1,0.105564
BAF89272.1,0.042617
BAF89273.1,0.110212
BAF89274.1,0.082708
BAF89275.1,0.058709
BAF89276.1,0.050726
BAF89277.1,0.058449
BAF89278.1,0.083908
BAF89279.1,0.069999
BAF89280.1,0.093026
BAF89281.1,0.103534
BAF89282.1,0.086858
BAF89283.1,0.068330
BAF89284.1,0.075263
BAF89285.1,0.092876
BAF89286.1,0.075419
BAF89287.1,0.075172
BAF89288.1,0.065771
BAF89289.1,0.155247
BAF89290.1,0.055270
BAF89291.1,0.074116
BAF89292.1,0.122221
BAF89293.1,0.073797
BAF89294.1,0.085616
BAF89295.1,0.067550
BAF89296.1,0.061227
BAF89297.1,0.102536
BAF89298.1,0.130699
BAF89299.1,0.096723
BAF89300.1,0.095228
BAF89301.1,0.060609
BAF89302.1,0.052641
BAF89303.1,0.069626
BAF89304.1,0.069669
BAF89305.1,0.072115
BAF89306.1,0.150451
BAF89307.1,0.189844
BAF89308.1,0.135019
BAF89309.1,0.178757
BAF89310.1,0.085222
BAF89311.1,0.075288
BAF89312.1,0.060151
BAF89313.1,0.063814
BAF89314.1,0.129502
BAF89315.1,0.200079
BAF89316.1,0.153106
BAF89317.1,0.105663
BAF89318.1,0.059950
BAF89319.1,0.090074
BAF89320.1,0.095386
BAF89321.1,0.068944
BAF89322.1,0.078529
BAF89323.1,0.059417
BAF89324.1,0.100481
BAF89325.1,0.064830
BAF89326.1,0.067526
BAF89327.1,0.093888
BAF89328.1,0.069230
BAF89329.1,0.084895
BAF89330.1,0.073599
BAF89331.1,0.121664
BAF89332.1,0.060458
BAF89333.1,0.085389
BAF89334.1,0.110309
BAF89335.1,0.065710
BAF89336.1,0.097274
BAF89337.1,0.095181
BAF89338.1,0.059521
BAF89339.1,0.084105
BAF89340.1,0.069551
BAF89341.1,0.060886
BAF89342.1,0.069025
BAF89343.1,0.080348
BAF89344.1,0.092948
BAF89345.1,0.081935
BAF89346.1,0.080796
BAF89347.1,0.070049
BAF89348.1,0.071618
BAF89349.1,0.104422
BAF89350.1,0.084196
BAF89351.1,0.095740
BAF89352.1,0.076389
BAF89353.1,0.050254
BAF89354.1,0.099030
BAF89355.1,0.069346
BAF89356.1,0.074700
BAF89357.1,0.090746
BAF89358.1,0.125280
BAF89359.1,0.114466
BAF89360.1,0.087359
BAF89361.1,0.078592
BAF89362.1,0.101465
BAF89363.1,0.082526
BAF89364.1,0.062577
BAF89365.1,0.045506
BAF89366.1,0.137233
BAF89367.1,0.103020
BAF89368.1,0.076979
BAF89369.1,0.066198
BAF89370.1,0.080473
BAF89371.1,0.077118
BAF89372.1,0.073890
BAF89373.1,0.093201
BAF89374.1,0.123139
BAF89375.1,0.048055
BAF89376.1,0.156454
BAF89377.1,0.140861
BAF89378.1,0.078366
BAF89379.1,0.055436
BAF89380.1,0.084370
BAF89381.1,0.156026
BAF89382.1,0.066426
BAF89383.1,0.077619
BAF89384.1,0.096186
BAF89385.1,0.130561
BAF89386.1,0.090498
BAF89387.1,0.066420
BAF89388.1,0.076916
BAF89389.1,0.073429
BAF89390.1,0.073504
BAF89391.1,0.104194
BAF89392.1,0.058888
BAF89393.1,0.072469
BAF89394.1,0.083013
BAF89395.1,0.095831
BAF89396.1,0.080888
BAF89397.1,0.091398
BAF89398.1,0.150311
BAF89399.1,0.122723
BAF89400.1,0.191984
BAF89401.1,0.065875
BAF89402.1,0.094335
BAF89403.1,0.072861
BAF89404.1,0.107784
BAF89405.1,0.127366
BAF89406.1,0.047411
BAF89407.1,0.103835
BAF89408.1,0.150467
BAF89409.1,0.077040
BAF89410.1,0.144131
BAF89411.1,0.048599
BAF89412.1,0.080068
BAF89413.1,0.160090
BAF89414.1,0.144205
BAF89415.1,0.104180
BAF89416.1,0.089198
BAF89417.1,0.123407
BAF89418.1,0.142004
BAF89419.1,0.146684
BAF89420.1,0.127118
BAF89421.1,0.057413
BAF89422.1,0.163391
BAF89423.1,0.059377
BAF89424.1,0.066615
BAF89425.1,0.098295
BAF89426.1,0.095874
BAF89427.1,0.176275
BAF89428.1,0.079480
BAF89429.1,0.122198
BAF89430.1,0.104012
BAF89431.1,0.120752
BAF89432.1,0.066208
BAF89433.1,0.137204
BAF89434.1,0.087701
BAF89435.1,0.098461
BAF89436.1,0.129036
BAF89437.1,0.093826
BAF89438.1,0.080265
BAF89439.1,0.120447
BAF89440.1,0.090710
BAF89441.1,0.085433
BAF89442.1,0.088664
BAF89443.1,0.094501
BAF89444.1,0.115476
BAF89445.1,0.074161
BAF89446.1,0.054986
BAF89447.1,0.094896
BAF89448.1,0.125946
BAF89449.1,0.205756
BAF89450.1,0.110852
BAF89451.1,0.057947
BAF89452.1,0.068831
BAF89453.1,0.077185
BAF89454.1,0.168663
BAF89455.1,0.101230
BAF89456.1,0.068130
BAF89457.1,0.212037
BAF89458.1,0.076924
BAF89459.1,0.050401
BAF89460.1,0.090412
BAF89461.1,0.111087
BAF89462.1,0.071043
BAF89463.1,0.065540
BAF89464.1,0.053900
BAF89465.1,0.086066
BAF89466.1,0.039228
BAF89467.1,0.056965
BAF89468.1,0.074551
BAF89469.1,0.112236
BAF89470.1,0.109551
BAF89471.1,0.083004
BAF89472.1,0.063831
BAF89473.1,0.072790
BAF89474.1,0.065762
BAF89475.1,0.078431
BAF89476.1,0.066619
BAF89477.1,0.069134
BAF89478.1,0.079383
BAF89479.1,0.070943
BAF89480.1,0.097969
BAF89481.1,0.087696
BAF89482.1,0.142198
BAF89483.1,0.054983
BAF89484.1,0.073321
BAF89485.1,0.130825
BAF89486.1,0.058577
BAF89487.1,0.075933
BAF89488.1,0.093193
BAF89489.1,0.055754
BAF89490.1,0.082760
BAF89491.1,0.103782
BAF89492.1,0.083516
BAF89493.1,0.060581
BAF89494.1,0.065117
BAF89495.1,0.081296
BAF89496.1,0.146106
BAF89497.1,0.072016
BAF89498.1,0.096845
BAF89499.1,0.096771
BAF89500.1,0.108030
BAF89501.1,0.077132
BAF89502.1,0.211004
BAF89503.1,0.113905
BAF89504.1,0.117400
BAF89505.1,0.080993
BAF89506.1,0.100419
BAF89507.1,0.060089
BAF89508.1,0.105737
BAF89509.1,0.084173
BAF89510.1,0.074207
BAF89511.1,0.150943
BAF89512.1,0.055602
BAF89513.1,0.072102
BAF89514.1,0.038856
BAF89515.1,0.103419
BAF89516.1,0.101188
BAF89517.1,0.065168
BAF89518.1,0.053209
BAF89519.1,0.091539
BAF89520.1,0.093266
BAF89521.1,0.112693
BAF89522.1,0.093653
BAF89523.1,0.135262
BAF89524.1,0.117899
BAF89525.1,0.070225
BAF89526.1,0.083394
BAF89527.1,0.103233
BAF89528.1,0.063945
BAF89529.1,0.163486
BAF89530.1,0.097361
BAF89531.1,0.108672
BAF89532.1,0.099520
BAF89533.1,0.100443
BAF89534.1,0.141664
BAF89535.1,0.081419
BAF89536.1,0.059983
BAF89537.1,0.051776
BAF89538.1,0.059219
BAF89539.1,0.105547
BAF89540.1,0.101597
BAF89541.1,0.105278
BAF89542.1,0.123961
BAF89543.1,0.069276
BAF89544.1,0.103998
BAF89545.1,0.139462
BAF89546.1,0.107987
BAF89547.1,0.100451
BAF89548.1,0.061853
BAF89549.1,0.102089
BAF89550.1,0.074821
BAF89551.1,0.155910
BAF89552.1,0.076282
BAF89553.1,0.107692
BAF89554.1,0.084943
BAF89555.1,0.113533
BAF89556.1,0.059863
BAF89557.1,0.085957
BAF89558.1,0.181521
BAF89559.1,0.167652
BAF89560.1,0.166624
BAF89561.1,0.158847
BAF89562.1,0.053557
BAF89563.1,0.104374
BAF89564.1,0.069527
BAF89565.1,0.069279
BAF89566.1,0.108958
BAF89567.1,0.120483
BAF89568.1,0.102275
BAF89569.1,0.186291
BAF89570.1,0.109564
BAF89571.1,0.138589
BAF89572.1,0.220494
BAF89573.1,0.103022
BAF89574.1,0.163708
BAF89575.1,0.196737
BAF89576.1,0.125208
BAF89577.1,0.070161
BAF89578.1,0.089629
BAF89579.1,0.090157
BAF89580.1,0.126133
BAF89581.1,0.102526
BAF89582.1,0.117814
BAF89583.1,0.109461
BAF89584.1,0.174678
BAF89585.1,0.133241
BAF89586.1,0.105401
BAF89587.1,0.095170
BAF89588.1,0.140565
BAF89589.1,0.144546
BAF89590.1,0.116285
BAF89591.1,0.151571
BAF89592.1,0.159932
BAF89593.1,0.092644
BAF89594.1,0.147847
BAF89595.1,0.116967
BAF89596.1,0.094528
BAF89597.1,0.214141
BAF89598.1,0.122816
BAF89599.1,0.104644
BAF89600.1,0.143161
BAF89601.1,0.148978
BAF89602.1,0.119444
BAF89603.1,0.163470
BAF89604.1,0.143349
BAF89605.1,0.097323
BAF89606.1,0.120496
BAF89607.1,0.106771
BAF89608.1,0.072162
BAF89609.1,0.120087
BAF89610.1,0.067612
BAF89611.1,0.078434
BAF89612.1,0.086675
BAF89613.1,0.097789
BAF89614.1,0.102170
BAF89615.1,0.076325
BAF89616.1,0.105380
BAF89617.1,0.063898
BAF89618.1,0.119543
BAF89619.1,0.044685
BAF89620.1,0.085629
BAF89621.1,0.117196
BAF89622.1,0.057844
BAF89623.1,0.050138
BAF89624.1,0.072552
BAF89625.1,0.095834
BAF89626.1,0.190021
BAF89627.1,0.045311
BAF89628.1,0.121282
BAF89629.1,0.046578
BAF89630.1,0.136200
BAF89631.1,0.078883
BAF89632.1,0.097118
BAF89633.1,0.052784
BAF89634.1,0.126383
BAF89635.1,0.096719
BAF89636.1,0.084394
BAF89637.1,0.105539
BAF89638.1,0.118461
BAF89639.1,0.159218
BAF89640.1,0.070918
BAF89641.1,0.102077
BAF89642.1,0.254669
BAF89643.1,0.147393
BAF89644.1,0.072350
BAF89645.1,0.077565
BAF89646.1,0.072859
BAF89647.1,0.081325
BAF89648.1,0.122355
BAF89649.1,0.062855
BAF89650.1,0.133705
BAF89651.1,0.119297
BAF89652.1,0.108365
BAF89653.1,0.077951
BAF89654.1,0.065880
BAF89655.1,0.068215
BAF89656.1,0.115499
BAF89657.1,0.065183
BAF89658.1,0.050905
BAF89659.1,0.077120
BAF89660.1,0.102067
BAF89661.1,0.092216
BAF89662.1,0.132142
BAF89663.1,0.082866
BAF89664.1,0.049967
BAF89665.1,0.066181
BAF89666.1,0.143400
BAF89667.1,0.093673
BAF89668.1,0.087955
BAF89669.1,0.084310
BAF89670.1,0.088431
BAF89671.1,0.137184
BAF89672.1,0.121499
BAF89673.1,0.084708
BAF89674.1,0.148650
BAF89675.1,0.071174
BAF89676.1,0.085573
BAF89677.1,0.098875
BAF89678.1,0.061628
BAF89679.1,0.074814
BAF89680.1,0.076863
BAF89681.1,0.087512
BAF89682.1,0.102065
BAF89683.1,0.100696
BAF89684.1,0.085937
BAF89685.1,0.091232
BAF89686.1,0.128922
BAF89687.1,0.092700
BAF89688.1,0.070669
BAF89689.1,0.082803
BAF89690.1,0.114807
BAF89691.1,0.084522
BAF89692.1,0.101948
BAF89693.1,0.079915
BAF89694.1,0.107751
BAF89695.1,0.102658
BAF89696.1,0.093058
BAF89697.1,0.116779
BAF89698.1,0.101749
BAF89699.1,0.081817
BAF89700.1,0.096731
BAF89701.1,0.079115
BAF89702.1,0.084760
BAF89703.1,0.054250
BAF89704.1,0.092270
BAF89705.1,0.113955
BAF89706.1,0.093506
BAF89707.1,0.106998
BAF89708.1,0.065659
BAF89709.1,0.061880
BAF89710.1,0.082658
BAF89711.1,0.067048
BAF89712.1,0.064749
BAF89713.1,0.126732
BAF89714.1,0.119032
BAF89715.1,0.061109
BAF89716.1,0.084201
BAF89717.1,0.113539
BAF89718.1,0.059671
BAF89719.1,0.046897
BAF89720.1,0.085551
BAF89721.1,0.110727
BAF89722.1,0.111252
BAF89723.1,0.130993
BAF89724.1,0.156705
BAF89725.1,0.140206
BAF89726.1,0.064825
BAF89727.1,0.044641
BAF89728.1,0.054027
BAF89729.1,0.102619
BAF89730.1,0.111134
BAF89731.1,0.087913
BAF89732.1,0.070276
BAF89733.1,0.107053
BAF89734.1,0.087520
BAF89735.1,0.135208
BAF89736.1,0.073875
BAF89737.1,0.064889
BAF89738.1,0.088997
BAF89739.1,0.070814
BAF89740.1,0.108881
BAF89741.1,0.119061
BAF89742.1,0.088918
BAF89743.1,0.063208
BAF89744.1,0.086872
BAF89745.1,0.221852
BAF89746.1,0.109470
BAF89747.1,0.076082
BAF89748.1,0.074329
BAF89749.1,0.081150
BAF89750.1,0.055296
BAF89751.1,0.103517
BAF89752.1,0.100644
BAF89753.1,0.101418
BAF89754.1,0.142700
BAF89755.1,0.116189
BAF89756.1,0.095842
BAF89757.1,0.076675
BAF89758.1,0.096310
BAF89759.1,0.183081
BAF89760.1,0.097227
BAF89761.1,0.064037
BAF89762.1,0.091398
BAF89763.1,0.093446
BAF89764.1,0.076217
BAF89765.1,0.071722
BAF89766.1,0.055149
BAF89767.1,0.069746
BAF89768.1,0.133014
BAF89769.1,0.057322
BAF89770.1,0.064477
BAF89771.1,0.074640
BAF89772.1,0.077518
BAF89773.1,0.099896
BAF89774.1,0.064309
BAF89775.1,0.075545
BAF89776.1,0.084124
BAF89777.1,0.063149
BAF89778.1,0.050512
BAF89779.1,0.156454
BAF89780.1,0.148812
BAF89781.1,0.180198
BAF89782.1,0.105708
BAF89783.1,0.118707
BAF89784.1,0.144812
BAF89785.1,0.113958
BAF89786.1,0.106996
BAF89787.1,0.097495
BAF89788.1,0.072387
BAF89789.1,0.103705
BAF89790.1,0.258014
BAF89791.1,0.105507
BAF89792.1,0.082807
BAF89793.1,0.093313
BAF89794.1,0.117728
BAF89795.1,0.083946
BAF89796.1,0.111452
BAF89797.1,0.117399
BAF89798.1,0.080098
BAF89799.1,0.063761
BAF89800.1,0.142074
BAF89801.1,0.127012
BAF89802.1,0.165736
BAF89803.1,0.048751
BAF89804.1,0.075676
BAF89805.2,0.208744
BAF89806.1,0.187633
BAF89807.1,0.179481
BAF89808.1,0.184418
BAF89809.1,0.193392
BAF89810.1,0.234833
BAF89811.1,0.190862
BAF89812.1,0.176044
BAF89813.1,0.216116
BAF89814.1,0.229346
BAF89815.1,0.202683
BAF89816.1,0.188596
BAF89817.1,0.185517
BAF89818.1,0.091045
BAF89819.1,0.075676
BAF89820.1,0.133556
BAF89821.1,0.173367
BAF89822.1,0.100037
BAF89823.1,0.136619
BAF89824.1,0.110936
BAF89825.1,0.055887
BAF89826.1,0.065942
BAF89827.1,0.118446
BAF89828.1,0.084206
BAF89829.1,0.089262
BAF89830.1,0.156130
BAF89831.1,0.119574
BAF89832.1,0.071266
BAF89833.1,0.129457
BAF89834.1,0.119874
BAF89835.1,0.087947
BAF89836.1,0.082053
BAF89837.1,0.097225
BAF89838.1,0.149204
BAF89839.1,0.074154
BAF89840.1,0.073709
BAF89841.1,0.069901
BAF89842.1,0.055077
BAF89843.1,0.065311
BAF89844.1,0.148868
BAF89845.1,0.053145
BAF89846.1,0.210109
BAF89847.1,0.126692
BAF89848.1,0.251222
BAF89849.1,0.107527
BAF89850.1,0.087723
BAF89851.1,0.151462
BAF89852.1,0.142707
BAF89853.1,0.138215
BAF89854.1,0.088520
BAF89855.1,0.103902
BAF89856.1,0.074766
BAF89857.1,0.141337
BAF89858.1,0.097611
BAF89859.1,0.064479
BAF89860.1,0.100305
BAF89861.1,0.138867
BAF89862.1,0.072107
BAF89863.1,0.080972
BAF89864.1,0.075070
BAF89865.1,0.071400
BAF89866.1,0.137310
BAF89867.1,0.173963
BAF89868.1,0.101664
BAF89869.1,0.108405
BAF89870.1,0.086098
BAF89871.1,0.075783
BAF89872.1,0.066218
BAF89873.1,0.108710
BAF89874.1,0.077803
BAF89875.1,0.161722
BAF89876.1,0.061940
BAF89877.1,0.076402
BAF89878.1,0.122248
BAF89879.1,0.170421
BAF89880.1,0.068505
BAF89881.1,0.040002
BAF89882.1,0.068734
BAF89883.1,0.099349
BAF89884.1,0.073945
BAF89885.1,0.079361
BAF89886.1,0.065660
BAF89887.1,0.094173
BAF89888.1,0.071413
BAF89889.1,0.065080
BAF89890.1,0.088944
BAF89891.1,0.072354
BAF89892.1,0.083846
BAF89893.1,0.082588
BAF89894.1,0.071173
BAF89895.1,0.073840
BAF89896.1,0.090785
BAF89897.1,0.111431
BAF89898.1,0.068046
BAF89899.1,0.071033
BAF89900.1,0.068588
BAF89901.1,0.069556
BAF89902.1,0.052280
BAF89903.1,0.110703
BAF89904.1,0.145300
BAF89905.1,0.096867
BAF89906.1,0.112348
BAF89907.1,0.103321
BAF89908.1,0.079803
BAF89909.1,0.064392
BAF89910.1,0.066335
BAF89911.1,0.084980
BAF89912.1,0.063896
BAF89913.1,0.077250
BAF89914.1,0.155034
BAF89915.1,0.076434
BAF89916.1,0.080380
BAF89917.1,0.072200
BAF89918.1,0.089207
BAF89919.1,0.079715
BAF89920.1,0.140537
BAF89921.1,0.063262
BAF89922.1,0.159019
BAF89923.1,0.068787
BAF89924.1,0.076823
BAF89925.1,0.092946
BAF89926.1,0.078900
BAF89927.1,0.091877
BAF89928.1,0.163707
BAF89929.1,0.102020
BAF89930.1,0.122024
BAF89931.1,0.124391
BAF89932.1,0.101412
BAF89933.1,0.103877
BAF89934.1,0.125859
BAF89935.1,0.120758
BAF89936.1,0.090725
BAF89937.1,0.090248
BAF89938.1,0.057396
BAF89939.1,0.081558
BAF89940.1,0.122821
BAF89941.1,0.154969
BAF89942.1,0.110763
BAF89943.1,0.106600
BAF89944.1,0.104186
BAF89945.1,0.138383
BAF89946.1,0.063819
BAF89947.1,0.069050
BAF89948.1,0.058285
BAF89949.1,0.094454
BAF89950.1,0.158957
BAF89951.1,0.084436
BAF89952.1,0.097782
BAF89953.1,0.116653
BAF89954.1,0.081982
BAF89955.1,0.078053
BAF89956.1,0.075929
BAF89957.1,0.062552
BAF89958.1,0.086387
BAF89959.1,0.088930
BAF89960.1,0.164358
BAF89961.1,0.116249
BAF89962.1,0.077322
BAF89963.1,0.036253
BAF89964.1,0.057363
BAF89965.1,0.073450
BAF89966.1,0.136094
BAF89967.1,0.103662
BAF89968.1,0.057395
BAF89969.1,0.038895
BAF89970.1,0.084503
BAF89971.1,0.067078
BAF89972.1,0.097476
BAF89973.1,0.067186
BAF89974.1,0.116220
BAF89975.1,0.099858
BAF89976.1,0.103790
BAF89977.1,0.093878
BAF89978.1,0.113027
BAF89979.1,0.151885
BAF89980.1,0.099673
BAF89981.1,0.092899
BAF89982.1,0.095454
BAF89983.1,0.081167
BAF89984.1,0.065573
BAF89985.1,0.051750
BAF89986.1,0.067881
BAF89987.1,0.085523
BAF89988.1,0.057547
BAF89989.1,0.076332
BAF89990.1,0.112313
BAF89991.1,0.100476
BAF89992.1,0.083479
BAF89993.1,0.079140
BAF89994.1,0.127902
BAF89995.1,0.095615
BAF89996.1,0.079722
BAF89997.1,0.077598
BAF89998.1,0.085186
BAF89999.1,0.101968
BAF90000.1,0.077542
BAF90001.1,0.108736
BAF90002.1,0.083773
BAF90003.1,0.132631
BAF90004.1,0.104831
BAF90005.1,0.085136
BAF90006.1,0.202808
BAF90007.1,0.096893
BAF90008.1,0.096486
BAF90009.1,0.085299
BAF90010.1,0.100511
BAF90011.1,0.077500
BAF90012.1,0.111877
BAF90013.1,0.103556
BAF90014.1,0.061383
BAF90015.1,0.058533
BAF90016.1,0.102954
BAF90017.1,0.077423
BAF90018.1,0.063843
BAF90019.1,0.054413
BAF90020.1,0.102760
BAF90021.1,0.095230
BAF90022.1,0.094007
BAF90023.1,0.067307
BAF90024.1,0.074587
BAF90025.1,0.098186
BAF90026.1,0.063602
BAF90027.1,0.085764
BAF90028.1,0.153659
BAF90029.1,0.123442
BAF90030.1,0.088261
BAF90031.1,0.099067
BAF90032.1,0.105446
BAF90033.1,0.080694
BAF90034.1,0.086018
BAF90035.1,0.111265
BAF90036.1,0.072647
BAF90037.1,0.100797
BAF90038.1,0.058577
BAF90039.2,0.066097
BAF90040.1,0.074458
BAF90041.1,0.112068
BAF90042.1,0.161979
BAF90043.1,0.135616
BAF90044.1,0.126061
BAF90045.1,0.136259
BAF90046.1,0.110022
BAF90047.1,0.079690
BAF90048.1,0.071172
BAF90049.1,0.122758
BAF90050.1,0.082440
BAF90051.1,0.063471
BAF90052.1,0.093421
BAF90053.1,0.236122
BAF90054.1,0.081083
BAF90055.1,0.115279
BAF90056.1,0.111213
BAF90057.1,0.103679
BAF90058.1,0.218712
BAF90059.1,0.071199
BAF90060.1,0.107377
BAF90061.1,0.052251
BAF90062.1,0.065346
BAF90063.1,0.083517
BAF90064.1,0.070259
BAF90065.1,0.110647
BAF90066.1,0.100583
BAF90067.1,0.118762
BAF90068.1,0.085627
BAF90069.1,0.073185
BAF90070.1,0.085323
BAF90071.1,0.089507
BAF90072.1,0.091956
BAF90073.1,0.080505
BAF90074.1,0.095254
BAF90075.1,0.078705
BAF90076.1,0.086062
BAF90077.1,0.075666
BAF90078.1,0.070187
BAF90079.1,0.077848
BAF90080.1,0.052334
BAF90081.1,0.089664
BAF90082.1,0.086938
BAF90083.1,0.069092
BAF90084.1,0.185819
BAF90085.1,0.152713
BAF90086.1,0.079914
BAF90087.1,0.106535
BAF90088.1,0.092681
BAF90089.1,0.070768
BAF90090.1,0.082384
BAF90091.1,0.163064
BAF90092.1,0.156670
BAF90093.1,0.092742
BAF90094.1,0.058584
BAF90095.1,0.067811
BAF90096.1,0.055737
BAF90097.1,0.087890
BAF90098.1,0.121654
BAF90099.1,0.078230
BAF90100.1,0.089853
BAF90101.1,0.131118
BAF90102.1,0.077281
BAF90103.1,0.081824
BAF90104.1,0.106103
BAF90105.1,0.048290
BAF90106.1,0.057312
BAF90107.1,0.084811
BAF90108.1,0.095723
BAF90109.1,0.064522
BAF90110.1,0.052575
BAF90111.1,0.263642
BAF90112.1,0.054826
BAF90113.1,0.048199
BAF90114.1,0.049563
BAF90115.1,0.092138
BAF90116.1,0.141816
BAF90117.1,0.065231
BAF90118.1,0.064824
BAF90119.1,0.072748
BAF90120.1,0.074797
BAF90121.1,0.079765
BAF90122.1,0.115306
BAF90123.1,0.077434
BAF90124.1,0.103815
BAF90125.1,0.087132
BAF90126.1,0.102223
BAF90127.1,0.094065
BAF90128.1,0.105439
BAF90129.1,0.095137
BAF90130.1,0.090434
BAF90131.1,0.097322
BAF90132.1,0.070490
BAF90133.1,0.084704
BAF90134.1,0.103433
BAF90135.1,0.075373
BAF90136.1,0.092618
BAF90137.1,0.087399
BAF90138.1,0.183738
BAF90139.1,0.070555
BAF90140.1,0.131464
BAF90141.1,0.106905
BAF90142.1,0.081232
BAF90143.1,0.160228
BAF90144.1,0.075647
BAF90145.1,0.095425
BAF90146.1,0.086900
BAF90147.1,0.112518
BAF90148.1,0.079012
BAF90149.1,0.095547
BAF90150.1,0.081172
BAF90151.1,0.057946
BAF90152.1,0.094846
BAF90153.1,0.124772
BAF90154.1,0.087130
BAF90155.1,0.126190
BAF90156.1,0.059341
BAF90157.1,0.093943
BAF90158.1,0.091948
BAF90159.1,0.088047
BAF90160.1,0.103802
BAF90161.1,0.087225
BAF90162.1,0.095829
BAF90163.1,0.072658
BAF90164.1,0.086206
BAF90165.1,0.096851
BAF90166.1,0.107498
BAF90167.1,0.110132
BAF90168.1,0.091438
BAF90169.1,0.087198
BAF90170.1,0.074708
BAF90171.1,0.090282
BAF90172.1,0.055618
BAF90173.1,0.059803
BAF90174.1,0.067736
BAF90175.1,0.067517
BAF90176.1,0.046762
BAF90177.1,0.164214
BAF90178.1,0.075781
BAF90179.1,0.234479
BAF90180.1,0.122644
BAF90181.1,0.137436
BAF90182.1,0.157890
BAF90183.1,0.073915
BAF90184.1,0.079811
BAF90185.1,0.081393
BAF90186.1,0.085119
BAF90187.1,0.055458
BAF90188.1,0.098199
BAF90189.1,0.075783
BAF90190.1,0.076630
BAF90191.1,0.095410
BAF90192.1,0.101642
BAF90193.1,0.070468
BAF90194.1,0.052527
BAF90195.1,0.062992
BAF90196.1,0.083349
BAF90197.1,0.073596
BAF90198.1,0.067176
BAF90199.1,0.095345
BAF90200.1,0.072141
BAF90201.1,0.078051
BAF90202.1,0.070989
BAF90203.1,0.120797
BAF90204.1,0.099605
BAF90205.1,0.065290
BAF90206.1,0.078978
BAF90207.1,0.060731
BAF90208.1,0.076452
BAF90209.1,0.113603
BAF90210.1,0.149316
BAF90211.1,0.118781
BAF90212.1,0.072052
BAF90213.1,0.111063
BAF90214.1,0.084384
BAF90215.1,0.095722
BAF90216.1,0.066197
BAF90217.1,0.070211
BAF90218.1,0.096621
BAF90219.1,0.086897
BAF90220.1,0.101332
BAF90221.1,0.073347
BAF90222.1,0.069537
BAF90223.1,0.049285
BAF90224.1,0.086267
BAF90225.1,0.124619
BAF90226.1,0.073113
BAF90227.1,0.090983
BAF90228.1,0.167818
BAF90229.1,0.114649
BAF90230.1,0.134092
BAF90231.1,0.102355
BAF90232.1,0.067378
BAF90233.1,0.067593
BAF90234.1,0.095228
BAF90235.1,0.086794
BAF90236.1,0.073152
BAF90237.1,0.050589
BAF90238.1,0.066673
BAF90239.1,0.066340
BAF90240.1,0.084258
BAF90241.1,0.055861
BAF90242.1,0.113674
BAF90243.1,0.072952
BAF90244.1,0.136189
BAF90245.1,0.086533
BAF90246.1,0.050117
BAF90247.1,0.073346
BAF90248.1,0.110008
BAF90249.1,0.076288
BAF90250.1,0.102706
BAF90251.1,0.101260
BAF90252.1,0.073711
BAF90253.1,0.096589
BAF90254.1,0.068663
BAF90255.1,0.094426
BAF90256.1,0.093543
BAF90257.1,0.119358
BAF90258.1,0.118138
BAF90259.1,0.185981
BAF90260.1,0.085766
BAF90261.1,0.127925
BAF90262.1,0.094795
BAF90263.1,0.098108
BAF90264.1,0.066079
BAF90265.1,0.069277
BAF90266.1,0.053793
BAF90267.1,0.078852
BAF90268.1,0.104515
BAF90269.1,0.264309
BAF90270.1,0.060301
BAF90271.1,0.059784
BAF90272.1,0.107485
BAF90273.1,0.099353
BAF90274.1,0.109003
BAF90275.1,0.077025
BAF90276.1,0.105294
BAF90277.1,0.078914
BAF90278.1,0.181016
BAF90279.1,0.061156
BAF90280.1,0.093502
BAF90281.1,0.117590
BAF90282.1,0.085179
BAF90283.1,0.064177
BAF90284.1,0.109551
BAF90285.1,0.066239
BAF90286.1,0.093381
BAF90287.1,0.082905
BAF90288.1,0.105838
BAF90289.1,0.065666
BAF90290.1,0.081169
BAF90291.1,0.115927
BAF90292.1,0.060255
BAF90293.1,0.109848
BAF90294.1,0.112734
BAF90295.1,0.059904
BAF90296.1,0.080662
BAF90297.1,0.069233
BAF90298.1,0.090981
BAF90299.1,0.066950
BAF90300.1,0.073285
BAF90301.1,0.137672
BAF90302.1,0.156894
BAF90303.1,0.130801
BAF90304.1,0.099543
BAF90305.1,0.144062
BAF90306.1,0.123419
BAF90307.1,0.088079
BAF90308.1,0.116276
BAF90309.1,0.092884
BAF90310.1,0.103857
BAF90311.1,0.112715
BAF90312.1,0.191018
BAF90313.1,0.058409
BAF90314.1,0.064148
BAF90315.1,0.085179
BAF90316.1,0.084562
BAF90317.1,0.107349
BAF90318.1,0.084319
BAF90319.1,0.123923
BAF90320.1,0.090648
BAF90321.1,0.086847
BAF90322.1,0.073419
BAF90323.1,0.057389
BAF90324.1,0.098084
BAF90325.1,0.089014
BAF90326.1,0.061235
BAF90327.1,0.134849
BAF90328.1,0.103160
BAF90329.1,0.113553
BAF90330.1,0.116873
BAF90331.1,0.074895
BAF90332.1,0.085552
BAF90333.1,0.137972
BAF90334.1,0.071999
BAF90335.1,0.136775
BAF90336.1,0.115878
BAF90337.1,0.091459
BAF90338.1,0.056225
BAF90339.1,0.053917
BAF90340.1,0.081519
BAF90341.1,0.135299
BAF90342.1,0.150312
BAF90343.1,0.096284
BAF90344.1,0.085723
BAF90345.1,0.136824
BAF90346.1,0.069206
BAF90347.1,0.102605
BAF90348.1,0.086712
BAF90349.1,0.074503
BAF90350.1,0.051550
BAF90351.1,0.126459
BAF90352.1,0.138882
BAF90353.1,0.079858
BAF90354.1,0.059744
BAF90355.1,0.084998
BAF90356.1,0.107583
BAF90357.1,0.084411
BAF90358.1,0.095999
BAF90359.1,0.155697
BAF90360.1,0.087989
BAF90361.1,0.103661
BAF90362.1,0.100616
BAF90363.1,0.090752
BAF90364.1,0.062735
BAF90365.1,0.085641
BAF90366.1,0.140865
BAF90367.1,0.148987
BAF90368.1,0.090299
BAF90369.1,0.062463
BAF90370.1,0.067359
BAF90371.1,0.076619
BAF90372.1,0.078342
BAF90373.1,0.098000
BAF90374.1,0.081948
BAF90375.1,0.092412
BAF90376.1,0.070153
BAF90377.1,0.079477
BAF90378.1,0.184174
BAF90379.1,0.096273
BAF90380.1,0.157667
BAF90381.1,0.148784
BAF90382.1,0.071733
BAF90383.1,0.067226
BAF90384.1,0.117976
BAF90385.1,0.097055
BAF90386.1,0.102871
BAF90387.1,0.080165
BAF90388.1,0.068376
BAF90389.1,0.055455
BAF90390.1,0.088620
BAF90391.1,0.071190
BAF90392.1,0.084192
BAF90393.1,0.088118
BAF90394.1,0.086923
BAF90395.1,0.092821
BAF90396.1,0.087395
BAF90397.1,0.072428
BAF90398.1,0.086312
BAF90399.1,0.077008
BAF90400.1,0.051942
BAF90401.1,0.115128
BAF90402.1,0.080628
BAF90403.1,0.097191
BAF90404.1,0.093817
BAF90405.1,0.075722
BAF90406.1,0.089874
BAF90407.1,0.087254
BAF90408.1,0.114434
BAF90409.1,0.068714
BAF90410.1,0.095448
BAF90411.1,0.177998
BAF90412.1,0.075807
BAF90413.1,0.068500
BAF90414.1,0.077366
BAF90415.1,0.102578
BAF90416.1,0.063905
BAF90417.1,0.080747
BAF90418.1,0.063321
BAF90419.1,0.045315
BAF90420.1,0.076329
BAF90421.1,0.058707
BAF90422.1,0.095362
BAF90423.1,0.099733
BAF90424.1,0.092103
BAF90425.1,0.085754
BAF90426.1,0.078702
BAF90427.1,0.084727
BAF90428.1,0.076022
BAF90429.1,0.130094
BAF90430.1,0.096089
BAF90431.1,0.077668
BAF90432.1,0.069463
BAF90433.1,0.085786
BAF90434.1,0.075029
BAF90435.1,0.066335
BAF90436.1,0.045662
BAF90437.1,0.121827
BAF90438.1,0.095123
BAF90439.1,0.066927
BAF90440.1,0.051015
BAF90441.1,0.084651
BAF90442.1,0.138055
BAF90443.1,0.129518
BAF90444.1,0.181895
BAF90445.1,0.166807
BAF90446.1,0.106897
BAF90447.1,0.086454
BAF90448.1,0.092933
BAF90449.1,0.088039
BAF90450.1,0.102904
BAF90451.1,0.084591
BAF90452.1,0.089920
BAF90453.1,0.075836
BAF90454.1,0.162612
BAF90455.1,0.100339
BAF90456.1,0.089550
BAF90457.1,0.115470
BAF90458.1,0.075665
BAF90459.1,0.081722
BAF90460.1,0.086413
BAF90461.1,0.098385
BAF90462.1,0.042345
BAF90463.1,0.108338
BAF90464.1,0.117087
BAF90465.1,0.083598
BAF90466.1,0.083922
BAF90467.1,0.079493
BAF90468.1,0.116542
BAF90469.1,0.170761
BAF90470.1,0.090972
BAF90471.1,0.087769
BAF90472.1,0.104932
BAF90473.1,0.055800
BAF90474.1,0.242575
BAF90475.1,0.079638
BAF90476.1,0.065336
BAF90477.1,0.142472
BAF90478.1,0.089786
BAF90479.1,0.060281
BAF90480.1,0.105600
BAF90481.1,0.084495
BAF90482.1,0.098420
BAF90483.1,0.095223
BAF90484.1,0.085905
BAF90485.1,0.119381
BAF90486.1,0.111111
BAF90487.1,0.080176
BAF90488.1,0.074420
BAF90489.1,0.062403
BAF90490.1,0.086342
BAF90491.1,0.105098
BAF90492.1,0.146100
BAF90493.1,0.058139
BAF90494.1,0.081332
BAF90495.1,0.093897
BAF90496.1,0.111006
BAF90497.1,0.095063
BAF90498.1,0.070077
BAF90499.1,0.114599
BAF90500.1,0.073586
BAF90501.1,0.061958
BAF90502.1,0.064779
BAF90503.1,0.081012
BAF90504.1,0.140975
BAF90505.1,0.082132
BAF90506.1,0.047177
BAF90507.1,0.082087
BAF90508.1,0.090802
BAF90509.1,0.081949
BAF90510.1,0.094256
BAF90511.1,0.084595
BAF90512.1,0.106883
BAF90513.1,0.085306
BAF90514.1,0.085561
BAF90515.1,0.074449
BAF90516.1,0.140110
BAF90517.1,0.072702
BAF90518.1,0.098330
BAF90519.1,0.075679
BAF90520.1,0.096910
BAF90521.1,0.094079
BAF90522.1,0.093345
BAF90523.1,0.196711
BAF90524.1,0.096198
BAF90525.1,0.051934
BAF90526.1,0.059708
BAF90527.1,0.086860
BAF90528.1,0.163874
BAF90529.1,0.123172
BAF90530.1,0.078004
BAF90531.1,0.102819
BAF90532.1,0.088214
BAF90533.1,0.063467
BAF90534.1,0.051151
BAF90535.1,0.136727
BAF90536.1,0.131994
BAF90537.1,0.087715
BAF90538.1,0.065458
BAF90539.1,0.073641
BAF90540.1,0.079920
BAF90541.1,0.055896
BAF90542.1,0.053194
BAF90543.1,0.106618
BAF90544.1,0.089936
BAF90545.1,0.091536
BAF90546.1,0.064404
BAF90547.1,0.077526
BAF90548.1,0.070508
BAF90549.1,0.133175
BAF90550.1,0.041366
BAF90551.1,0.061327
BAF90552.1,0.076025
BAF90553.1,0.096145
BAF90554.1,0.063220
BAF90555.1,0.129885
BAF90556.1,0.114546
BAF90557.1,0.077827
BAF90558.1,0.078125
BAF90559.1,0.060617
BAF90560.1,0.089273
BAF90561.1,0.079194
BAF90562.1,0.084645
BAF90563.1,0.080543
BAF90564.1,0.095722
BAF90565.1,0.108382
BAF90566.1,0.087075
BAF90567.1,0.090139
BAF90568.1,0.077662
BAF90569.1,0.074425
BAF90570.1,0.239627
BAF90571.1,0.055568
BAF90572.1,0.118955
BAF90573.1,0.132345
BAF90574.1,0.068941
BAF90575.1,0.084281
BAF90576.1,0.120809
BAF90577.1,0.081134
BAF90578.1,0.097817
BAF90579.1,0.056479
BAF90580.1,0.087648
BAF90581.1,0.075050
BAF90582.1,0.059083
BAF90583.1,0.086242
BAF90584.1,0.085892
BAF90585.1,0.100706
BAF90586.1,0.046898
BAF90587.1,0.070276
BAF90588.1,0.096341
BAF90589.1,0.057444
BAF90590.1,0.071820
BAF90591.1,0.077722
BAF90592.1,0.048580
BAF90593.1,0.071450
BAF90594.1,0.075148
BAF90595.1,0.081484
BAF90596.1,0.105819
BAF90597.1,0.082618
BAF90598.1,0.083382
BAF90599.1,0.093761
BAF90600.1,0.148003
BAF90601.1,0.097542
BAF90602.1,0.128418
BAF90603.1,0.159063
BAF90604.1,0.097516
BAF90605.1,0.067109
BAF90606.1,0.074002
BAF90607.1,0.065255
BAF90608.1,0.095088
BAF90609.1,0.074034
BAF90610.1,0.114179
BAF90611.1,0.083680
BAF90612.1,0.060193
BAF90613.1,0.087435
BAF90614.1,0.067222
BAF90615.1,0.069979
BAF90616.1,0.103152
BAF90617.1,0.057595
BAF90618.1,0.113961
BAF90619.1,0.075006
BAF90620.1,0.086933
BAF90621.1,0.060023
BAF90622.1,0.063668
BAF90623.1,0.049820
BAF90624.1,0.055708
BAF90625.1,0.080244
BAF90626.1,0.082116
BAF90627.1,0.048259
BAF90628.1,0.086305
BAF90629.1,0.078757
BAF90630.1,0.108770
BAF90631.1,0.071311
BAF90632.1,0.073086
BAF90633.1,0.177193
BAF90634.1,0.091869
BAF90635.1,0.058927
BAF90636.1,0.089437
BAF90637.1,0.095444
BAF90638.1,0.075369
BAF90639.1,0.105368
BAF90640.1,0.101569
BAF90641.1,0.072402
BAF90642.1,0.054691
BAF90643.1,0.088074
BAF90644.1,0.137196
BAF90645.1,0.148441
BAF90646.1,0.054830
BAF90647.1,0.096594
BAF90648.1,0.062684
BAF90649.1,0.104390
BAF90650.1,0.084666
BAF90651.1,0.089856
BAF90652.1,0.063006
BAF90653.1,0.106722
BAF90654.1,0.092403
BAF90655.1,0.071423
BAF90656.1,0.046834
BAF90657.1,0.061405
BAF90658.1,0.148043
BAF90659.1,0.115145
BAF90660.1,0.064245
BAF90661.1,0.093864
BAF90662.1,0.073793
BAF90663.1,0.088015
BAF90664.1,0.108209
BAF90665.1,0.056586
BAF90666.1,0.071270
BAF90667.1,0.062152
BAF90668.1,0.073434
BAF90669.1,0.086936
BAF90670.1,0.060440
BAF90671.1,0.152022
BAF90672.1,0.064053
BAF90673.1,0.067922
BAF90674.1,0.078869
BAF90675.1,0.069397
BAF90676.1,0.099487
BAF90677.1,0.086018
BAF90678.1,0.096844
BAF90679.1,0.095876
BAF90680.1,0.071555
BAF90681.1,0.115395
BAF90682.1,0.073305
BAF90683.1,0.095582
BAF90684.1,0.120476
BAF90685.1,0.081310
BAF90686.1,0.088665
BAF90687.1,0.109887
BAF90688.1,0.099943
BAF90689.1,0.060522
BAF90690.1,0.065950
BAF90691.1,0.100583
BAF90692.1,0.114249
BAF90693.1,0.073737
BAF90694.1,0.077618
BAF90695.1,0.093360
BAF90696.1,0.088995
BAF90697.1,0.078123
BAF90698.1,0.052549
BAF90699.1,0.095440
BAF90700.1,0.090510
BAF90701.1,0.100897
BAF90702.1,0.106562
BAF90703.1,0.115418
BAF90704.1,0.060420
BAF90705.1,0.047091
BAF90706.1,0.085051
BAF90707.1,0.042747
BAF90708.1,0.069292
BAF90709.1,0.072403
BAF90710.1,0.081833
BAF90711.1,0.050088
BAF90712.1,0.048765
BAF90713.1,0.105138
BAF90714.1,0.102651
BAF90715.1,0.074669
